Cruise	Station	Type	Year	Month	Day	Hour	Minute	Longitude [degrees_east]	Latitude [degrees_north]	Bot. Depth [m]	QV:ODV:Bot Depth [m]	Depth [m]	QV:ODV:Depth [m]	Pressure [dbar]	QV:ODV:Pressure [dbar]	Temperature [degC]	QV:ODV:Temperature [degC]
77CN	0133	*	2014	1	12	21	10	-25.8000	57.1000		1	7	0	7	0	8.4	0
77CN	0134	*	2014	1	12	21	15	-25.7600	57.1000		1	7	0	7	0	8.6	0
77CN	0135	*	2014	1	12	21	20	-25.7200	57.1000		1	7	0	7	0	8.7	0
77CN	0136	*	2014	1	12	21	25	-25.6800	57.1000		1	7	0	7	0	8.7	0
77CN	0137	*	2014	1	12	21	30  -25.6400  57.1000		1	7	0	7	0	8.4	0
77CN	0138	*	2014	1	12	21	35	-25.6000	57.1000		1	7	0	7	0	8.3	0
77CN	0139	*	2014	1	12	21	40	-25.5600	57.1000		1	7	0	7	0	8.3	0
77CN	0140	*	2014	1	12	21	45	-25.5100	57.1000		1	7	0	7	0	8.3	0
77CN	0141	*	2014	1	12	21	50	-25.4700	57.1000		1	7	0	7	0	8.1	0
77CN	0142	*	2014	1	12	21	55	-25.4300	57.1000		1	7	0	7	0	8.1	0
77CN	0143	*	2014	1	12	22	0	-25.3900	57.1000		1	7	0	7	0	8.3	0
77CN	0144	*	2014	1	12	22	5	-25.3500	57.1000		1	7	0	7	0	8.6	0
77CN	0145	*	2014	1	12	22	10	-25.3100	57.1000		1	7	0	7	0	8.7	0
77CN	0146	*	2014	1	12	22	15	-25.2700	57.1000		1	7	0	7	0	9.0	0
77CN	0147	*	2014	1	12	22	20	-25.2300	57.1000		1	7	0	7	0	8.7	0
77CN	0148	*	2014	1	12	22	25	-25.1900	57.1100		1	7	0	7	0	8.7	0
77CN	0149	*	2014	1	12	22	30	-25.1400	57.1100		1	7	0	7	0	9.0	0
77CN	0150	*	2014	1	12	22	35	-25.1000	57.1100		1	7	0	7	0	9.0	0
77CN	0151	*	2014	1	12	22	40	-25.0600	57.1100		1	7	0	7	0	9.0	0
77CN	0152	*	2014	1	12	22	45	-25.0200	57.1100		1	7	0	7	0	8.9	0
77CN	0153	*	2014	1	12	22	50	-24.9800	57.1100		1	7	0	7	0	8.9	0
77CN	0154	*	2014	1	12	22	55	-24.9400	57.1100		1	7	0	7	0	9.0	0
77CN	0155	*	2014	1	12	23	0	-24.9000	57.1100		1	7	0	7	0	9.0	0
77CN	0156	*	2014	1	12	23	5	-24.8600	57.1100		1	7	0	7	0	9.2	0
77CN	0157	*	2014	1	12	23	10	-24.8200	57.1100		1	7	0	7	0	9.3	0
77CN	0158	*	2014	1	12	23	15	-24.7700	57.1100		1	7	0	7	0	9.2	0
77CN	0159	*	2014	1	12	23	20	-24.7300	57.1100		1	7	0	7	0	9.2	0
77CN	0160	*	2014	1	12	23	25	-24.6900	57.1100		1	7	0	7	0	9.5	0
77CN	0161	*	2014	1	12	23	30	-24.6500	57.1100		1	7	0	7	0	9.5	0
77CN	0162	*	2014	1	12	23	35	-24.6100	57.1100		1	7	0	7	0	9.5	0
77CN	0163	*	2014	1	12	23	40	-24.5700	57.1100		1	7	0	7	0	9.5	0
77CN	0164	*	2014	1	12	23	45	-24.5300	57.1100		1	7	0	7	0	9.5	0
77CN	0165	*	2014	1	12	23	50	-24.4900	57.1100		1	7	0	7	0	9.5	0
77CN	0166	*	2014	1	12	23	55	-24.4500	57.1100		1	7	0	7	0	9.8	0
77CN	0167	*	2014	1	13	0	0	-24.4000	57.1100		1	7	0	7	0	9.8	0
77CN	0168	*	2014	1	13	0	5	-24.3600	57.1100		1	7	0	7	0	9.9	0
77CN	0169	*	2014	1	13	0	10	-24.3200	57.1200		1	7	0	7	0	9.8	0
77CN	0170	*	2014	1	13	0	15	-24.2800	57.1200		1	7	0	7	0	9.5	0
77CN	0171	*	2014	1	13	0	20	-24.2400	57.1200		1	7	0	7	0	9.5	0
77CN	0172	*	2014	1	13	0	25	-24.2000	57.1200		1	7	0	7	0	9.5	0
77CN	0173	*	2014	1	13	0	30	-24.1600	57.1200		1	7	0	7	0	9.5	0
77CN	0174	*	2014	1	13	0	35	-24.1200	57.1200		1	7	0	7	0	9.5	0
77CN	0175	*	2014	1	13	0	40	-24.0800	57.1200		1	7	0	7	0	9.2	0
77CN	0176	*	2014	1	13	0	45	-24.0300	57.1200		1	7	0	7	0	9.3	0
77CN	0177	*	2014	1	13	0	50	-23.9900	57.1200		1	7	0	7	0	9.2	0
77CN	0178	*	2014	1	13	0	55	-23.9500	57.1200		1	7	0	7	0	9.2	0
77CN	0179	*	2014	1	13	1	0	-23.9100	57.1200		1	7	0	7	0	9.2	0
77CN	0180	*	2014	1	13	1	5	-23.8700	57.1200		1	7	0	7	0	9.2	0
77CN	0181	*	2014	1	13	1	10	-23.8300	57.1200		1	7	0	7	0	9.2	0
77CN	0182	*	2014	1	13	1	15	-23.7900	57.1200		1	7	0	7	0	9.2	0
77CN	0183	*	2014	1	13	1	20	-23.7500	57.1200		1	7	0	7	0	9.2	0
77CN	0184	*	2014	1	13	1	25	-23.7100	57.1200		1	7	0	7	0	9.8	0
77CN	0185	*	2014	1	13	1	30	-23.6600	57.1200		1	7	0	7	0	9.9	0
77CN	0186	*	2014	1	13	1	35	-23.6200	57.1200		1	7	0	7	0	9.9	0
77CN	0187	*	2014	1	13	1	40	-23.5800	57.1200		1	7	0	7	0	9.9	0
77CN	0188	*	2014	1	13	1	45	-23.5400	57.1200		1	7	0	7	0	9.9	0
77CN	0189	*	2014	1	13	1	50	-23.5000	57.1200		1	7	0	7	0	9.8	0
77CN	0190	*	2014	1	13	1	55	-23.4600	57.1300		1	7	0	7	0	9.3	0
77CN	0191	*	2014	1	13	2	0	-23.4200	57.1300		1	7	0	7	0	10.1	0
77CN	0192	*	2014	1	13	2	5	-23.3800	57.1300		1	7	0	7	0	9.9	0
77CN	0193	*	2014	1	13	2	10	-23.3400	57.1300		1	7	0	7	0	10.1	0
77CN	0194	*	2014	1	13	2	15	-23.3000	57.1300		1	7	0	7	0	10.1	0
77CN	0195	*	2014	1	13	2	20	-23.2500	57.1300		1	7	0	7	0	10.1	0
77CN	0196	*	2014	1	13	2	25	-23.2100	57.1300		1	7	0	7	0	10.2	0
77CN	0197	*	2014	1	13	2	30	-23.1700	57.1300		1	7	0	7	0	10.2	0
77CN	0198	*	2014	1	13	2	35	-23.1300	57.1300		1	7	0	7	0	10.2	0
77CN	0199	*	2014	1	13	2	40	-23.0900	57.1300		1	7	0	7	0	10.2	0
77CN	0200	*	2014	1	13	2	45	-23.0500	57.1300		1	7	0	7	0	10.2	0
77CN	0201	*	2014	1	13	2	50	-23.0100	57.1300		1	7	0	7	0	9.9	0
77CN	0202	*	2014	1	13	2	55	-22.9700	57.1300		1	7	0	7	0	9.9	0
77CN	0203	*	2014	1	13	3	0	-22.9300	57.1300		1	7	0	7	0	9.8	0
77CN	0204	*	2014	1	13	3	5	-22.8800	57.1300		1	7	0	7	0	9.8	0
77CN	0205	*	2014	1	13	3	10	-22.8400	57.1300		1	7	0	7	0	9.8	0
77CN	0206	*	2014	1	13	3	15	-22.8000	57.1300		1	7	0	7	0	9.9	0
77CN	0207	*	2014	1	13	3	20	-22.7600	57.1300		1	7	0	7	0	9.9	0
77CN	0208	*	2014	1	13	3	25	-22.7200	57.1300		1	7	0	7	0	9.9	0
77CN	0209	*	2014	1	13	3	30	-22.6800	57.1300		1	7	0	7	0	9.9	0
77CN	0210	*	2014	1	13	3	35	-22.6400	57.1400		1	7	0	7	0	9.8	0
77CN	0211	*	2014	1	13	3	40	-22.6000	57.1400		1	7	0	7	0	9.8	0
77CN	0212	*	2014	1	13	3	45	-22.5600	57.1400		1	7	0	7	0	9.3	0
77CN	0213	*	2014	1	13	3	50	-22.5100	57.1400		1	7	0	7	0	9.5	0
77CN	0214	*	2014	1	13	3	55	-22.4700	57.1400		1	7	0	7	0	9.6	0
77CN	0215	*	2014	1	13	4	0	-22.4300	57.1400		1	7	0	7	0	9.6	0
77CN	0216	*	2014	1	13	4	5	-22.3900	57.1400		1	7	0	7	0	9.5	0
77CN	0217	*	2014	1	13	4	10	-22.3500	57.1400		1	7	0	7	0	9.2	0
77CN	0218	*	2014	1	13	4	15	-22.3100	57.1400		1	7	0	7	0	9.3	0
77CN	0219	*	2014	1	13	4	20	-22.2700	57.1400		1	7	0	7	0	9.2	0
77CN	0220	*	2014	1	13	4	25	-22.2300	57.1400		1	7	0	7	0	9.2	0
77CN	0221	*	2014	1	13	4	30	-22.1900	57.1400		1	7	0	7	0	9.2	0
77CN	0222	*	2014	1	13	4	35	-22.1400	57.1400		1	7	0	7	0	9.6	0
77CN	0223	*	2014	1	13	4	40	-22.1000	57.1400		1	7	0	7	0	9.6	0
77CN	0224	*	2014	1	13	4	45	-22.0600	57.1400		1	7	0	7	0	9.5	0
77CN	0225	*	2014	1	13	4	50	-22.0200	57.1400		1	7	0	7	0	9.6	0
77CN	0226	*	2014	1	13	4	55	-21.9800	57.1400		1	7	0	7	0	9.6	0
77CN	0227	*	2014	1	13	5	0	-21.9400	57.1400		1	7	0	7	0	9.8	0
77CN	0228	*	2014	1	13	5	5	-21.9000	57.1400		1	7	0	7	0	9.9	0
77CN	0229	*	2014	1	13	5	10	-21.8600	57.1400		1	7	0	7	0	10.2	0
77CN	0230	*	2014	1	13	5	15	-21.8200	57.1400		1	7	0	7	0	10.2	0
77CN	0231	*	2014	1	13	5	20	-21.7700	57.1500		1	7	0	7	0	9.9	0
77CN	0232	*	2014	1	13	5	25	-21.7300	57.1500		1	7	0	7	0	10.2	0
77CN	0233	*	2014	1	13	5	30	-21.6900	57.1500		1	7	0	7	0	10.2	0
77CN	0234	*	2014	1	13	5	35	-21.6500	57.1500		1	7	0	7	0	10.1	0
77CN	0235	*	2014	1	13	5	40	-21.6100	57.1500		1	7	0	7	0	10.1	0
77CN	0236	*	2014	1	13	5	45	-21.5700	57.1500		1	7	0	7	0	10.2	0
77CN	0237	*	2014	1	13	5	50	-21.5300	57.1500		1	7	0	7	0	10.2	0
77CN	0238	*	2014	1	13	5	55	-21.4900	57.1500		1	7	0	7	0	9.9	0
77CN	0239	*	2014	1	13	6	0	-21.4500	57.1500		1	7	0	7	0	9.9	0
77CN	0240	*	2014	1	13	6	5	-21.4000	57.1500		1	7	0	7	0	9.8	0
77CN	0241	*	2014	1	13	6	10	-21.3600	57.1500		1	7	0	7	0	9.8	0
77CN	0242	*	2014	1	13	6	15	-21.3200	57.1500		1	7	0	7	0	9.9	0
77CN	0243	*	2014	1	13	6	20	-21.2800	57.1500		1	7	0	7	0	9.9	0
77CN	0244	*	2014	1	13	6	25	-21.2400	57.1500		1	7	0	7	0	9.9	0
77CN	0245	*	2014	1	13	6	30	-21.2000	57.1500		1	7	0	7	0	9.9	0
77CN	0246	*	2014	1	13	6	35	-21.1600	57.1500		1	7	0	7	0	9.9	0
77CN	0247	*	2014	1	13	6	40	-21.1200	57.1500		1	7	0	7	0	9.9	0
77CN	0248	*	2014	1	13	6	45	-21.0800	57.1500		1	7	0	7	0	10.2	0
77CN	0249	*	2014	1	13	6	50	-21.0400	57.1500		1	7	0	7	0	10.2	0
77CN	0250	*	2014	1	13	6	55	-20.9900	57.1500		1	7	0	7	0	10.2	0
77CN	0251	*	2014	1	13	7	0	-20.9500	57.1600		1	7	0	7	0	10.2	0
77CN	0252	*	2014	1	13	7	5	-20.9100	57.1600		1	7	0	7	0	10.1	0
77CN	0253	*	2014	1	13	7	10	-20.8700	57.1600		1	7	0	7	0	9.9	0
77CN	0254	*	2014	1	13	7	15	-20.8300	57.1600		1	7	0	7	0	10.2	0
77CN	0255	*	2014	1	13	7	20	-20.7900	57.1600		1	7	0	7	0	10.2	0
77CN	0256	*	2014	1	13	7	25	-20.7500	57.1600		1	7	0	7	0	10.2	0
77CN	0257	*	2014	1	13	7	30	-20.7100	57.1600		1	7	0	7	0	10.2	0
77CN	0258	*	2014	1	13	7	35	-20.6700	57.1600		1	7	0	7	0	10.1	0
77CN	0259	*	2014	1	13	7	40	-20.6200	57.1600		1	7	0	7	0	10.2	0
77CN	0260	*	2014	1	13	7	45	-20.5800	57.1600		1	7	0	7	0	10.2	0
77CN	0261	*	2014	1	13	7	50	-20.5400	57.1600		1	7	0	7	0	10.2	0
77CN	0262	*	2014	1	13	7	55	-20.5000	57.1600		1	7	0	7	0	10.2	0
77CN	0263	*	2014	1	13	8	0	-20.4600	57.1600		1	7	0	7	0	10.2	0
77CN	0264	*	2014	1	13	8	5	-20.4200	57.1600		1	7	0	7	0	10.2	0
77CN	0265	*	2014	1	13	8	10	-20.3800	57.1600		1	7	0	7	0	10.2	0
77CN	0266	*	2014	1	13	8	15	-20.3400	57.1600		1	7	0	7	0	10.2	0
77CN	0267	*	2014	1	13	8	20	-20.3000	57.1600		1	7	0	7	0	10.2	0
77CN	0268	*	2014	1	13	8	25	-20.2500	57.1600		1	7	0	7	0	10.2	0
77CN	0269	*	2014	1	13	8	30	-20.2100	57.1600		1	7	0	7	0	9.9	0
77CN	0270	*	2014	1	13	8	35	-20.1700	57.1600		1	7	0	7	0	9.9	0
77CN	0271	*	2014	1	13	8	40	-20.1300	57.1600		1	7	0	7	0	9.9	0
77CN	0272	*	2014	1	13	8	45	-20.0900	57.1700		1	7	0	7	0	9.9	0
77CN	0273	*	2014	1	13	8	50	-20.0500	57.1700		1	7	0	7	0	9.9	0
77CN	0274	*	2014	1	13	8	55	-20.0100	57.1700		1	7	0	7	0	9.9	0
77CN	0275	*	2014	1	13	9	0	-19.9700	57.1700		1	7	0	7	0	9.6	0
77CN	0276	*	2014	1	13	9	30	-19.6700	57.1600		1	7	0	7	0	10.4	0
77CN	0277	*	2014	1	13	9	35	-19.6400	57.1600		1	7	0	7	0	10.4	0
77CN	0278	*	2014	1	13	9	40	-19.6000	57.1600		1	7	0	7	0	10.4	0
77CN	0279	*	2014	1	13	9	45	-19.5700	57.1500		1	7	0	7	0	10.4	0
77CN	0280	*	2014	1	13	9	50	-19.5400	57.1500		1	7	0	7	0	10.4	0
77CN	0281	*	2014	1	13	9	55	-19.5000	57.1400		1	7	0	7	0	10.2	0
77CN	0282	*	2014	1	13	10	0	-19.4700	57.1400		1	7	0	7	0	10.1	0
77CN	0283	*	2014	1	13	10	5	-19.4300	57.1400		1	7	0	7	0	10.1	0
77CN	0284	*	2014	1	13	10	10	-19.4000	57.1300		1	7	0	7	0	10.2	0
77CN	0285	*	2014	1	13	10	15	-19.3700	57.1300		1	7	0	7	0	9.9	0
77CN	0286	*	2014	1	13	10	20	-19.3300	57.1200		1	7	0	7	0	10.1	0
77CN	0287	*	2014	1	13	10	25	-19.3000	57.1200		1	7	0	7	0	9.9	0
77CN	0288	*	2014	1	13	10	30	-19.2700	57.1100		1	7	0	7	0	9.9	0
77CN	0289	*	2014	1	13	10	35	-19.2300	57.1100		1	7	0	7	0	9.9	0
77CN	0290	*	2014	1	13	10	40	-19.2000	57.1100		1	7	0	7	0	9.9	0
77CN	0291	*	2014	1	13	10	45	-19.1700	57.1000		1	7	0	7	0	9.8	0
77CN	0292	*	2014	1	13	10	50	-19.1300	57.1000		1	7	0	7	0	9.8	0
77CN	0293	*	2014	1	13	10	55	-19.1000	57.0900		1	7	0	7	0	9.8	0
77CN	0294	*	2014	1	13	11	0	-19.0600	57.0900		1	7	0	7	0	9.8	0
77CN	0295	*	2014	1	13	11	5	-19.0300	57.0800		1	7	0	7	0	9.8	0
77CN	0296	*	2014	1	13	11	10	-19.0000	57.0800		1	7	0	7	0	9.8	0
77CN	0297	*	2014	1	13	11	15	-18.9600	57.0800		1	7	0	7	0	9.8	0
77CN	0298	*	2014	1	13	11	20	-18.9300	57.0700		1	7	0	7	0	9.8	0
77CN	0299	*	2014	1	13	11	25	-18.9000	57.0700		1	7	0	7	0	9.9	0
77CN	0300	*	2014	1	13	11	30	-18.8600	57.0600		1	7	0	7	0	9.9	0
77CN	0301	*	2014	1	13	11	35	-18.8300	57.0600		1	7	0	7	0	9.9	0
77CN	0302	*	2014	1	13	11	40	-18.7900	57.0500		1	7	0	7	0	9.9	0
77CN	0303	*	2014	1	13	11	45	-18.7600	57.0500		1	7	0	7	0	9.9	0
77CN	0304	*	2014	1	13	11	50	-18.7300	57.0500		1	7	0	7	0	9.9	0
77CN	0305	*	2014	1	13	11	55	-18.6900	57.0400		1	7	0	7	0	9.9	0
77CN	0306	*	2014	1	13	12	0	-18.6600	57.0400		1	7	0	7	0	9.9	0
77CN	0307	*	2014	1	13	12	5	-18.6300	57.0300		1	7	0	7	0	9.9	0
77CN	0308	*	2014	1	13	12	10	-18.5900	57.0300		1	7	0	7	0	9.8	0
77CN	0309	*	2014	1	13	12	15	-18.5600	57.0200		1	7	0	7	0	9.9	0
77CN	0310	*	2014	1	13	12	20	-18.5300	57.0200		1	7	0	7	0	9.8	0
77CN	0311	*	2014	1	13	12	25	-18.4900	57.0200		1	7	0	7	0	9.9	0
77CN	0312	*	2014	1	13	12	30	-18.4600	57.0100		1	7	0	7	0	9.8	0
77CN	0313	*	2014	1	13	12	35	-18.4200	57.0100		1	7	0	7	0	9.8	0
77CN	0314	*	2014	1	13	12	40	-18.3900	57.0000		1	7	0	7	0	9.9	0
77CN	0315	*	2014	1	13	12	45	-18.3600	57.0000		1	7	0	7	0	9.8	0
77CN	0316	*	2014	1	13	12	50	-18.3200	57.0000		1	7	0	7	0	9.8	0
77CN	0317	*	2014	1	13	12	55	-18.2900	56.9900		1	7	0	7	0	9.8	0
77CN	0318	*	2014	1	13	13	0	-18.2600	56.9900		1	7	0	7	0	9.8	0
77CN	0319	*	2014	1	13	13	5	-18.2200	56.9800		1	7	0	7	0	9.8	0
77CN	0320	*	2014	1	13	13	10	-18.1900	56.9800		1	7	0	7	0	9.8	0
77CN	0321	*	2014	1	13	13	15	-18.1600	56.9700		1	7	0	7	0	9.8	0
77CN	0322	*	2014	1	13	13	20	-18.1200	56.9700		1	7	0	7	0	9.8	0
77CN	0323	*	2014	1	13	13	25	-18.0900	56.9700		1	7	0	7	0	9.9	0
77CN	0324	*	2014	1	13	13	30	-18.0500	56.9600		1	7	0	7	0	9.9	0
77CN	0325	*	2014	1	13	13	35	-18.0200	56.9600		1	7	0	7	0	9.9	0
77CN	0326	*	2014	1	13	13	40	-17.9900	56.9500		1	7	0	7	0	9.8	0
77CN	0327	*	2014	1	13	13	45	-17.9500	56.9500		1	7	0	7	0	9.9	0
77CN	0328	*	2014	1	13	13	50	-17.9200	56.9400		1	7	0	7	0	9.8	0
77CN	0329	*	2014	1	13	13	55	-17.8900	56.9400		1	7	0	7	0	9.8	0
77CN	0330	*	2014	1	13	14	0	-17.8500	56.9400		1	7	0	7	0	9.9	0
77CN	0331	*	2014	1	13	14	5	-17.8200	56.9300		1	7	0	7	0	9.9	0
77CN	0332	*	2014	1	13	14	10	-17.7900	56.9300		1	7	0	7	0	9.9	0
77CN	0333	*	2014	1	13	14	15	-17.7500	56.9200		1	7	0	7	0	9.9	0
77CN	0334	*	2014	1	13	14	20	-17.7200	56.9200		1	7	0	7	0	9.9	0
77CN	0335	*	2014	1	13	14	25	-17.6800	56.9100		1	7	0	7	0	9.9	0
77CN	0336	*	2014	1	13	14	30	-17.6500	56.9100		1	7	0	7	0	9.9	0
77CN	0337	*	2014	1	13	14	35	-17.6200	56.9100		1	7	0	7	0	9.9	0
77CN	0338	*	2014	1	13	14	40	-17.5800	56.9000		1	7	0	7	0	9.8	0
77CN	0339	*	2014	1	13	14	45	-17.5500	56.9000		1	7	0	7	0	9.8	0
77CN	0340	*	2014	1	13	14	50	-17.5200	56.8900		1	7	0	7	0	9.9	0
77CN	0341	*	2014	1	13	14	55	-17.4800	56.8900		1	7	0	7	0	10.2	0
77CN	0342	*	2014	1	13	15	0	-17.4500	56.8800		1	7	0	7	0	10.2	0
77CN	0343	*	2014	1	13	15	5	-17.4100	56.8800		1	7	0	7	0	10.2	0
77CN	0344	*	2014	1	13	15	10	-17.3800	56.8800		1	7	0	7	0	10.2	0
77CN	0345	*	2014	1	13	15	15	-17.3500	56.8700		1	7	0	7	0	10.1	0
77CN	0346	*	2014	1	13	15	20	-17.3100	56.8700		1	7	0	7	0	10.1	0
77CN	0347	*	2014	1	13	15	25	-17.2800	56.8600		1	7	0	7	0	10.1	0
77CN	0348	*	2014	1	13	15	30	-17.2500	56.8600		1	7	0	7	0	9.9	0
77CN	0349	*	2014	1	13	15	35	-17.2100	56.8500		1	7	0	7	0	10.2	0
77CN	0350	*	2014	1	13	15	40	-17.1800	56.8500		1	7	0	7	0	10.1	0
77CN	0351	*	2014	1	13	15	45	-17.1500	56.8500		1	7	0	7	0	10.1	0
77CN	0352	*	2014	1	13	15	50	-17.1100	56.8400		1	7	0	7	0	10.2	0
77CN	0353	*	2014	1	13	15	55	-17.0800	56.8400		1	7	0	7	0	10.2	0
77CN	0354	*	2014	1	13	16	0	-17.0400	56.8300		1	7	0	7	0	10.2	0
77CN	0355	*	2014	1	13	16	5	-17.0100	56.8300		1	7	0	7	0	10.2	0
77CN	0356	*	2014	1	13	16	10	-16.9800	56.8300		1	7	0	7	0	10.2	0
77CN	0357	*	2014	1	13	16	15	-16.9400	56.8200		1	7	0	7	0	10.2	0
77CN	0358	*	2014	1	13	16	20	-16.9100	56.8200		1	7	0	7	0	10.2	0
77CN	0359	*	2014	1	13	16	25	-16.8800	56.8100		1	7	0	7	0	10.2	0
77CN	0360	*	2014	1	13	16	30	-16.8400	56.8100		1	7	0	7	0	10.2	0
77CN	0361	*	2014	1	13	16	35	-16.8100	56.8000		1	7	0	7	0	10.2	0
77CN	0362	*	2014	1	13	16	40	-16.7800	56.8000		1	7	0	7	0	10.2	0
77CN	0363	*	2014	1	13	16	45	-16.7400	56.8000		1	7	0	7	0	10.2	0
77CN	0364	*	2014	1	13	16	50	-16.7100	56.7900		1	7	0	7	0	10.2	0
77CN	0365	*	2014	1	13	16	55	-16.6700	56.7900		1	7	0	7	0	10.2	0
77CN	0366	*	2014	1	13	17	0	-16.6400	56.7800		1	7	0	7	0	10.2	0
77CN	0367	*	2014	1	13	17	5	-16.6100	56.7800		1	7	0	7	0	10.2	0
77CN	0368	*	2014	1	13	17	10	-16.5700	56.7700		1	7	0	7	0	10.2	0
77CN	0369	*	2014	1	13	17	15	-16.5400	56.7700		1	7	0	7	0	10.2	0
77CN	0370	*	2014	1	13	17	20	-16.5100	56.7700		1	7	0	7	0	10.2	0
77CN	0371	*	2014	1	13	17	25	-16.4700	56.7600		1	7	0	7	0	9.9	0
77CN	0372	*	2014	1	13	17	30	-16.4400	56.7600		1	7	0	7	0	9.9	0
77CN	0373	*	2014	1	13	17	35	-16.4100	56.7500		1	7	0	7	0	9.9	0
77CN	0374	*	2014	1	13	17	40	-16.3700	56.7500		1	7	0	7	0	9.9	0
77CN	0375	*	2014	1	13	17	45	-16.3400	56.7400		1	7	0	7	0	9.9	0
77CN	0376	*	2014	1	13	17	50	-16.3000	56.7400		1	7	0	7	0	9.9	0
77CN	0377	*	2014	1	13	17	55	-16.2700	56.7400		1	7	0	7	0	10.1	0
77CN	0378	*	2014	1	13	18	0	-16.2400	56.7300		1	7	0	7	0	9.9	0
77CN	0379	*	2014	1	13	18	5	-16.2000	56.7300		1	7	0	7	0	9.9	0
77CN	0380	*	2014	1	13	18	10	-16.1700	56.7200		1	7	0	7	0	9.9	0
77CN	0381	*	2014	1	13	18	15	-16.1400	56.7200		1	7	0	7	0	9.9	0
77CN	0382	*	2014	1	13	18	20	-16.1000	56.7100		1	7	0	7	0	10.1	0
77CN	0383	*	2014	1	13	18	25	-16.0700	56.7100		1	7	0	7	0	9.9	0
77CN	0384	*	2014	1	13	18	30	-16.0300	56.7100		1	7	0	7	0	9.9	0
77CN	0385	*	2014	1	13	18	35	-16.0000	56.7000		1	7	0	7	0	10.1	0
77CN	0386	*	2014	1	13	18	40	-15.9700	56.7000		1	7	0	7	0	10.1	0
77CN	0387	*	2014	1	13	18	45	-15.9300	56.6900		1	7	0	7	0	10.2	0
77CN	0388	*	2014	1	13	18	50	-15.9000	56.6900		1	7	0	7	0	10.1	0
77CN	0389	*	2014	1	13	18	55	-15.8700	56.6900		1	7	0	7	0	10.2	0
77CN	0390	*	2014	1	13	19	0	-15.8300	56.6800		1	7	0	7	0	10.2	0
77CN	0391	*	2014	1	13	19	5	-15.8000	56.6800		1	7	0	7	0	10.2	0
77CN	0392	*	2014	1	13	19	10	-15.7700	56.6700		1	7	0	7	0	10.1	0
77CN	0393	*	2014	1	13	19	15	-15.7300	56.6700		1	7	0	7	0	10.2	0
77CN	0394	*	2014	1	13	19	20	-15.7000	56.6600		1	7	0	7	0	10.2	0
77CN	0395	*	2014	1	13	19	25	-15.6600	56.6600		1	7	0	7	0	10.2	0
77CN	0396	*	2014	1	13	19	30	-15.6300	56.6600		1	7	0	7	0	10.1	0
77CN	0397	*	2014	1	13	19	35	-15.6000	56.6500		1	7	0	7	0	10.1	0
77CN	0398	*	2014	1	13	19	40	-15.5600	56.6500		1	7	0	7	0	10.2	0
77CN	0399	*	2014	1	13	19	45	-15.5300	56.6400		1	7	0	7	0	10.2	0
77CN	0400	*	2014	1	13	19	50	-15.5000	56.6400		1	7	0	7	0	10.1	0
77CN	0401	*	2014	1	13	19	55	-15.4600	56.6300		1	7	0	7	0	9.9	0
77CN	0402	*	2014	1	13	20	0	-15.4300	56.6300		1	7	0	7	0	10.1	0
77CN	0403	*	2014	1	13	20	5	-15.4000	56.6300		1	7	0	7	0	9.9	0
77CN	0404	*	2014	1	13	20	10	-15.3600	56.6200		1	7	0	7	0	9.8	0
77CN	0405	*	2014	1	13	20	15	-15.3300	56.6200		1	7	0	7	0	9.8	0
77CN	0406	*	2014	1	13	20	20	-15.2900	56.6100		1	7	0	7	0	9.8	0
77CN	0407	*	2014	1	13	20	25	-15.2600	56.6100		1	7	0	7	0	9.8	0
77CN	0408	*	2014	1	13	20	30	-15.2300	56.6000		1	7	0	7	0	9.8	0
77CN	0409	*	2014	1	13	20	35	-15.1900	56.6000		1	7	0	7	0	9.8	0
77CN	0410	*	2014	1	13	20	40	-15.1600	56.6000		1	7	0	7	0	9.8	0
77CN	0411	*	2014	1	13	20	45	-15.1300	56.5900		1	7	0	7	0	9.8	0
77CN	0412	*	2014	1	13	20	50	-15.0900	56.5900		1	7	0	7	0	9.8	0
77CN	0413	*	2014	1	13	20	55	-15.0600	56.5800		1	7	0	7	0	9.6	0
77CN	0414	*	2014	1	13	21	0	-15.0300	56.5800		1	7	0	7	0	9.6	0
77CN	0415	*	2014	1	13	21	5	-14.9900	56.5700		1	7	0	7	0	9.5	0
77CN	0416	*	2014	1	13	21	10	-14.9600	56.5700		1	7	0	7	0	9.5	0
77CN	0417	*	2014	1	13	21	15	-14.9200	56.5700		1	7	0	7	0	9.3	0
77CN	0418	*	2014	1	13	21	20	-14.8900	56.5600		1	7	0	7	0	9.2	0
77CN	0419	*	2014	1	13	21	25	-14.8600	56.5600		1	7	0	7	0	9.0	0
77CN	0420	*	2014	1	13	21	30	-14.8200	56.5500		1	7	0	7	0	9.2	0
77CN	0421	*	2014	1	13	21	35	-14.7900	56.5500		1	7	0	7	0	9.2	0
77CN	0422	*	2014	1	13	21	40	-14.7600	56.5400		1	7	0	7	0	9.2	0
77CN	0423	*	2014	1	13	21	45	-14.7200	56.5400		1	7	0	7	0	8.9	0
77CN	0424	*	2014	1	13	21	50	-14.6900	56.5400		1	7	0	7	0	8.7	0
77CN	0425	*	2014	1	13	21	55	-14.6600	56.5300		1	7	0	7	0	8.7	0
77CN	0426	*	2014	1	13	22	0	-14.6200	56.5300		1	7	0	7	0	8.7	0
77CN	0427	*	2014	1	13	22	5	-14.5900	56.5200		1	7	0	7	0	8.6	0
77CN	0428	*	2014	1	13	22	10	-14.5500	56.5200		1	7	0	7	0	8.7	0
77CN	0429	*	2014	1	13	22	15	-14.5200	56.5200		1	7	0	7	0	8.7	0
77CN	0430	*	2014	1	13	22	20	-14.4900	56.5100		1	7	0	7	0	8.6	0
77CN	0431	*	2014	1	13	22	25	-14.4500	56.5100		1	7	0	7	0	8.7	0
77CN	0432	*	2014	1	13	22	30	-14.4200	56.5000		1	7	0	7	0	9.0	0
77CN	0433	*	2014	1	13	22	35	-14.3900	56.5000		1	7	0	7	0	9.0	0
77CN	0434	*	2014	1	13	22	40	-14.3500	56.4900		1	7	0	7	0	8.9	0
77CN	0435	*	2014	1	13	22	45	-14.3200	56.4900		1	7	0	7	0	9.2	0
77CN	0436	*	2014	1	13	22	50	-14.2800	56.4900		1	7	0	7	0	9.8	0
77CN	0437	*	2014	1	13	22	55	-14.2500	56.4800		1	7	0	7	0	9.6	0
77CN	0438	*	2014	1	13	23	0	-14.2200	56.4800		1	7	0	7	0	9.8	0
77CN	0439	*	2014	1	13	23	5	-14.1800	56.4700		1	7	0	7	0	9.8	0
77CN	0440	*	2014	1	13	23	10	-14.1500	56.4700		1	7	0	7	0	9.8	0
77CN	0441	*	2014	1	13	23	15	-14.1200	56.4600		1	7	0	7	0	9.6	0
77CN	0442	*	2014	1	13	23	20	-14.0800	56.4600		1	7	0	7	0	9.8	0
77CN	0443	*	2014	1	13	23	25	-14.0500	56.4600		1	7	0	7	0	9.8	0
77CN	0444	*	2014	1	13	23	30	-14.0200	56.4500		1	7	0	7	0	9.8	0
77CN	0445	*	2014	1	13	23	35	-13.9800	56.4500		1	7	0	7	0	9.6	0
77CN	0446	*	2014	1	13	23	40	-13.9500	56.4400		1	7	0	7	0	9.8	0
77CN	0447	*	2014	1	13	23	45	-13.9100	56.4400		1	7	0	7	0	9.8	0
77CN	0448	*	2014	1	13	23	50	-13.8800	56.4300		1	7	0	7	0	9.9	0
77CN	0449	*	2014	1	13	23	55	-13.8500	56.4300		1	7	0	7	0	9.9	0
77CN	0450	*	2014	1	14	0	0	-13.8100	56.4300		1	7	0	7	0	9.9	0
77CN	0451	*	2014	1	14	0	5	-13.7800	56.4200		1	7	0	7	0	9.8	0
77CN	0452	*	2014	1	14	0	10	-13.7500	56.4200		1	7	0	7	0	9.8	0
77CN	0453	*	2014	1	14	0	15	-13.7100	56.4100		1	7	0	7	0	9.8	0
77CN	0454	*	2014	1	14	0	20	-13.6800	56.4100		1	7	0	7	0	9.8	0
77CN	0455	*	2014	1	14	0	25	-13.6500	56.4000		1	7	0	7	0	9.9	0
77CN	0456	*	2014	1	14	0	30	-13.6100	56.4000		1	7	0	7	0	9.9	0
77CN	0457	*	2014	1	14	0	35	-13.5800	56.4000		1	7	0	7	0	9.9	0
77CN	0458	*	2014	1	14	0	40	-13.5400	56.3900		1	7	0	7	0	9.9	0
77CN	0459	*	2014	1	14	0	45	-13.5100	56.3900		1	7	0	7	0	10.1	0
77CN	0460	*	2014	1	14	0	50	-13.4800	56.3800		1	7	0	7	0	10.2	0
77CN	0461	*	2014	1	14	0	55	-13.4400	56.3800		1	7	0	7	0	10.2	0
77CN	0462	*	2014	1	14	1	0	-13.4100	56.3700		1	7	0	7	0	10.2	0
77CN	0463	*	2014	1	14	1	5	-13.3800	56.3700		1	7	0	7	0	9.9	0
77CN	0464	*	2014	1	14	1	10	-13.3400	56.3700		1	7	0	7	0	9.9	0
77CN	0465	*	2014	1	14	1	15	-13.3100	56.3600		1	7	0	7	0	9.9	0
77CN	0466	*	2014	1	14	1	20	-13.2800	56.3600		1	7	0	7	0	10.2	0
77CN	0467	*	2014	1	14	1	25	-13.2400	56.3500		1	7	0	7	0	10.2	0
77CN	0468	*	2014	1	14	1	30	-13.2100	56.3500		1	7	0	7	0	10.2	0
77CN	0469	*	2014	1	14	1	35	-13.1700	56.3500		1	7	0	7	0	10.2	0
77CN	0470	*	2014	1	14	1	40	-13.1400	56.3400		1	7	0	7	0	10.2	0
77CN	0471	*	2014	1	14	1	45	-13.1100	56.3400		1	7	0	7	0	10.2	0
77CN	0472	*	2014	1	14	1	50	-13.0700	56.3300		1	7	0	7	0	10.2	0
77CN	0473	*	2014	1	14	1	55	-13.0400	56.3300		1	7	0	7	0	10.2	0
77CN	0474	*	2014	1	14	2	0	-13.0100	56.3200		1	7	0	7	0	10.2	0
77CN	0475	*	2014	1	14	2	5	-12.9700	56.3200		1	7	0	7	0	10.2	0
77CN	0476	*	2014	1	14	2	10	-12.9400	56.3200		1	7	0	7	0	10.2	0
77CN	0477	*	2014	1	14	2	15	-12.9000	56.3100		1	7	0	7	0	10.2	0
77CN	0478	*	2014	1	14	2	20	-12.8700	56.3100		1	7	0	7	0	10.2	0
77CN	0479	*	2014	1	14	2	25	-12.8400	56.3000		1	7	0	7	0	10.2	0
77CN	0480	*	2014	1	14	2	30	-12.8000	56.3000		1	7	0	7	0	10.2	0
77CN	0481	*	2014	1	14	2	35	-12.7700	56.2900		1	7	0	7	0	10.2	0
77CN	0482	*	2014	1	14	2	40	-12.7400	56.2900		1	7	0	7	0	10.2	0
77CN	0483	*	2014	1	14	2	45	-12.7000	56.2900		1	7	0	7	0	10.2	0
77CN	0484	*	2014	1	14	2	50	-12.6700	56.2800		1	7	0	7	0	10.2	0
77CN	0485	*	2014	1	14	2	55	-12.6400	56.2800		1	7	0	7	0	10.2	0
77CN	0486	*	2014	1	14	3	0	-12.6000	56.2700		1	7	0	7	0	10.2	0
77CN	0487	*	2014	1	14	3	5	-12.5700	56.2700		1	7	0	7	0	10.2	0
77CN	0488	*	2014	1	14	3	10	-12.5300	56.2600		1	7	0	7	0	10.2	0
77CN	0489	*	2014	1	14	3	15	-12.5000	56.2600		1	7	0	7	0	10.2	0
77CN	0490	*	2014	1	14	3	20	-12.4700	56.2600		1	7	0	7	0	10.1	0
77CN	0491	*	2014	1	14	3	25	-12.4300	56.2500		1	7	0	7	0	9.9	0
77CN	0492	*	2014	1	14	3	30	-12.4000	56.2500		1	7	0	7	0	10.2	0
77CN	0493	*	2014	1	14	3	35	-12.3700	56.2400		1	7	0	7	0	10.2	0
77CN	0494	*	2014	1	14	3	40	-12.3300	56.2400		1	7	0	7	0	10.2	0
77CN	0495	*	2014	1	14	3	45	-12.3000	56.2300		1	7	0	7	0	10.2	0
77CN	0496	*	2014	1	14	3	50	-12.2700	56.2300		1	7	0	7	0	10.2	0
77CN	0497	*	2014	1	14	3	55	-12.2300	56.2300		1	7	0	7	0	10.2	0
77CN	0498	*	2014	1	14	4	0	-12.2000	56.2200		1	7	0	7	0	10.2	0
77CN	0499	*	2014	1	14	4	5	-12.1600	56.2200		1	7	0	7	0	10.2	0
77CN	0500	*	2014	1	14	4	10	-12.1300	56.2100		1	7	0	7	0	10.2	0
77CN	0501	*	2014	1	14	4	15	-12.1000	56.2100		1	7	0	7	0	10.4	0
77CN	0502	*	2014	1	14	4	20	-12.0600	56.2100		1	7	0	7	0	10.4	0
77CN	0503	*	2014	1	14	4	25	-12.0300	56.2000		1	7	0	7	0	10.4	0
77CN	0504	*	2014	1	14	4	30	-12.0000	56.2000		1	7	0	7	0	10.4	0
77CN	0505	*	2014	1	14	4	35	-11.9600	56.1900		1	7	0	7	0	10.4	0
77CN	0506	*	2014	1	14	4	40	-11.9300	56.1900		1	7	0	7	0	10.2	0
77CN	0507	*	2014	1	14	4	45	-11.9000	56.1800		1	7	0	7	0	10.2	0
77CN	0508	*	2014	1	14	4	50	-11.8600	56.1800		1	7	0	7	0	10.4	0
77CN	0509	*	2014	1	14	4	55	-11.8300	56.1800		1	7	0	7	0	10.2	0
77CN	0510	*	2014	1	14	5	0	-11.7900	56.1700		1	7	0	7	0	10.2	0
77CN	0511	*	2014	1	14	5	5	-11.7600	56.1700		1	7	0	7	0	10.2	0
77CN	0512	*	2014	1	14	5	10	-11.7300	56.1600		1	7	0	7	0	10.2	0
77CN	0513	*	2014	1	14	5	15	-11.6900	56.1600		1	7	0	7	0	10.2	0
77CN	0514	*	2014	1	14	5	20	-11.6600	56.1500		1	7	0	7	0	10.1	0
77CN	0515	*	2014	1	14	5	25	-11.6300	56.1500		1	7	0	7	0	10.2	0
77CN	0516	*	2014	1	14	5	30	-11.5900	56.1500		1	7	0	7	0	10.2	0
77CN	0517	*	2014	1	14	5	35	-11.5600	56.1400		1	7	0	7	0	10.2	0
77CN	0518	*	2014	1	14	5	40	-11.5200	56.1400		1	7	0	7	0	10.2	0
77CN	0519	*	2014	1	14	5	45	-11.4900	56.1300		1	7	0	7	0	10.2	0
77CN	0520	*	2014	1	14	5	50	-11.4600	56.1300		1	7	0	7	0	10.2	0
77CN	0521	*	2014	1	14	5	55	-11.4200	56.1200		1	7	0	7	0	10.2	0
77CN	0522	*	2014	1	14	6	0	-11.3900	56.1200		1	7	0	7	0	10.2	0
77CN	0523	*	2014	1	14	6	5	-11.3600	56.1200		1	7	0	7	0	10.2	0
77CN	0524	*	2014	1	14	6	10	-11.3200	56.1100		1	7	0	7	0	10.2	0
77CN	0525	*	2014	1	14	6	15	-11.2900	56.1100		1	7	0	7	0	10.2	0
77CN	0526	*	2014	1	14	6	20	-11.2600	56.1000		1	7	0	7	0	10.2	0
77CN	0527	*	2014	1	14	6	25	-11.2200	56.1000		1	7	0	7	0	10.2	0
77CN	0528	*	2014	1	14	6	30	-11.1900	56.0900		1	7	0	7	0	10.2	0
77CN	0529	*	2014	1	14	6	35	-11.1500	56.0900		1	7	0	7	0	10.2	0
77CN	0530	*	2014	1	14	6	40	-11.1200	56.0900		1	7	0	7	0	10.2	0
77CN	0531	*	2014	1	14	6	45	-11.0900	56.0800		1	7	0	7	0	10.2	0
77CN	0532	*	2014	1	14	6	50	-11.0500	56.0800		1	7	0	7	0	10.2	0
77CN	0533	*	2014	1	14	6	55	-11.0200	56.0700		1	7	0	7	0	10.2	0
77CN	0534	*	2014	1	14	7	0	-10.9900	56.0700		1	7	0	7	0	10.2	0
77CN	0535	*	2014	1	14	7	5	-10.9500	56.0600		1	7	0	7	0	10.4	0
77CN	0536	*	2014	1	14	7	10	-10.9200	56.0600		1	7	0	7	0	10.4	0
77CN	0537	*	2014	1	14	7	15	-10.8900	56.0600		1	7	0	7	0	10.4	0
77CN	0538	*	2014	1	14	7	20	-10.8500	56.0500		1	7	0	7	0	10.4	0
77CN	0539	*	2014	1	14	7	25	-10.8200	56.0500		1	7	0	7	0	10.4	0
77CN	0540	*	2014	1	14	7	30	-10.7800	56.0400		1	7	0	7	0	10.2	0
77CN	0541	*	2014	1	14	7	35	-10.7500	56.0400		1	7	0	7	0	10.2	0
77CN	0542	*	2014	1	14	7	40	-10.7200	56.0400		1	7	0	7	0	10.2	0
77CN	0543	*	2014	1	14	7	45	-10.6800	56.0300		1	7	0	7	0	10.2	0
77CN	0544	*	2014	1	14	7	50	-10.6500	56.0300		1	7	0	7	0	10.2	0
77CN	0545	*	2014	1	14	7	55	-10.6200	56.0200		1	7	0	7	0	10.2	0
77CN	0546	*	2014	1	14	8	0	-10.5800	56.0200		1	7	0	7	0	10.1	0
77CN	0547	*	2014	1	14	8	5	-10.5500	56.0100		1	7	0	7	0	9.9	0
77CN	0548	*	2014	1	14	8	10	-10.5200	56.0100		1	7	0	7	0	9.9	0
77CN	0549	*	2014	1	14	8	15	-10.4800	56.0100		1	7	0	7	0	9.9	0
77CN	0550	*	2014	1	14	8	20	-10.4500	56.0000		1	7	0	7	0	9.9	0
77CN	0551	*	2014	1	14	8	25	-10.4100	56.0000		1	7	0	7	0	9.8	0
77CN	0552	*	2014	1	14	8	30	-10.3800	55.9900		1	7	0	7	0	9.9	0
77CN	0553	*	2014	1	14	8	35	-10.3500	55.9900		1	7	0	7	0	9.8	0
77CN	0554	*	2014	1	14	8	40	-10.3100	55.9800		1	7	0	7	0	9.8	0
77CN	0555	*	2014	1	14	8	45	-10.2800	55.9800		1	7	0	7	0	9.9	0
77CN	0556	*	2014	1	14	8	50	-10.2500	55.9800		1	7	0	7	0	9.9	0
77CN	0557	*	2014	1	14	8	55	-10.2100	55.9700		1	7	0	7	0	9.9	0
77CN	0558	*	2014	1	14	9	0	-10.1800	55.9700		1	7	0	7	0	9.9	0
77CN	0559	*	2014	1	14	9	5	-10.1500	55.9600		1	7	0	7	0	10.1	0
77CN	0560	*	2014	1	14	9	10	-10.1100	55.9600		1	7	0	7	0	9.9	0
77CN	0561	*	2014	1	14	9	15	-10.0800	55.9500		1	7	0	7	0	9.9	0
77CN	0562	*	2014	1	14	9	20	-10.0400	55.9500		1	7	0	7	0	9.9	0
77CN	0563	*	2014	1	14	9	25	-10.0100	55.9500		1	7	0	7	0	10.1	0
77CN	0564	*	2014	1	14	9	30	-9.9800	55.9400		1	7	0	7	0	10.1	0
77CN	0565	*	2014	1	14	9	35	-9.9400	55.9400		1	7	0	7	0	9.9	0
77CN	0566	*	2014	1	14	9	40	-9.9100	55.9300		1	7	0	7	0	9.9	0
77CN	0567	*	2014	1	14	9	45	-9.8800	55.9300		1	7	0	7	0	9.9	0
77CN	0568	*	2014	1	14	9	50	-9.8400	55.9200		1	7	0	7	0	9.9	0
77CN	0569	*	2014	1	14	9	55	-9.8100	55.9200		1	7	0	7	0	10.1	0
77CN	0570	*	2014	1	14	10	0	-9.7700	55.9200		1	7	0	7	0	10.1	0
77CN	0571	*	2014	1	14	10	5	-9.7400	55.9100		1	7	0	7	0	10.2	0
77CN	0572	*	2014	1	14	10	10	-9.7100	55.9100		1	7	0	7	0	10.2	0
77CN	0573	*	2014	1	14	10	15	-9.6700	55.9000		1	7	0	7	0	10.2	0
77CN	0574	*	2014	1	14	10	20	-9.6400	55.9000		1	7	0	7	0	10.2	0
77CN	0575	*	2014	1	14	10	25	-9.6100	55.8900		1	7	0	7	0	10.2	0
77CN	0576	*	2014	1	14	10	30	-9.5700	55.8900		1	7	0	7	0	10.2	0
77CN	0577	*	2014	1	14	10	35	-9.5400	55.8900		1	7	0	7	0	10.2	0
77CN	0578	*	2014	1	14	10	40	-9.5100	55.8800		1	7	0	7	0	10.2	0
77CN	0579	*	2014	1	14	10	45	-9.4700	55.8800		1	7	0	7	0	10.2	0
77CN	0580	*	2014	1	14	10	50	-9.4400	55.8700		1	7	0	7	0	10.2	0
77CN	0581	*	2014	1	14	10	55	-9.4000	55.8700		1	7	0	7	0	10.2	0
77CN	0582	*	2014	1	14	11	0	-9.3700	55.8700		1	7	0	7	0	10.2	0
77CN	0583	*	2014	1	14	11	5	-9.3400	55.8600		1	7	0	7	0	10.2	0
77CN	0584	*	2014	1	14	11	10	-9.3000	55.8600		1	7	0	7	0	10.2	0
77CN	0585	*	2014	1	14	11	15	-9.2700	55.8500		1	7	0	7	0	10.2	0
77CN	0586	*	2014	1	14	11	20	-9.2400	55.8500		1	7	0	7	0	10.2	0
77CN	0587	*	2014	1	14	11	25	-9.2000	55.8400		1	7	0	7	0	10.2	0
77CN	0588	*	2014	1	14	11	30	-9.1700	55.8400		1	7	0	7	0	10.2	0
77CN	0589	*	2014	1	14	11	35	-9.1400	55.8400		1	7	0	7	0	10.2	0
77CN	0590	*	2014	1	14	11	40	-9.1000	55.8300		1	7	0	7	0	10.2	0
77CN	0591	*	2014	1	14	11	45	-9.0700	55.8300		1	7	0	7	0	10.2	0
77CN	0592	*	2014	1	14	11	50	-9.0300	55.8200		1	7	0	7	0	10.1	0
77CN	0593	*	2014	1	14	11	55	-9.0000	55.8200		1	7	0	7	0	10.2	0
77CN	0594	*	2014	1	14	12	0	-8.9700	55.8100		1	7	0	7	0	10.2	0
77CN	0595	*	2014	1	14	12	5	-8.9300	55.8100		1	7	0	7	0	10.1	0
77CN	0596	*	2014	1	14	12	10	-8.9000	55.8100		1	7	0	7	0	10.1	0
77CN	0597	*	2014	1	14	12	15	-8.8700	55.8000		1	7	0	7	0	10.1	0
77CN	0598	*	2014	1	14	12	20	-8.8300	55.8000		1	7	0	7	0	10.2	0
77CN	0599	*	2014	1	14	12	25	-8.8000	55.7900		1	7	0	7	0	10.2	0
77CN	0600	*	2014	1	14	12	30	-8.7700	55.7900		1	7	0	7	0	10.2	0
77CN	0601	*	2014	1	14	12	35	-8.7300	55.7800		1	7	0	7	0	9.9	0
77CN	0602	*	2014	1	14	12	40	-8.7000	55.7800		1	7	0	7	0	10.1	0
77CN	0603	*	2014	1	14	12	45	-8.6600	55.7800		1	7	0	7	0	9.9	0
77CN	0604	*	2014	1	14	12	50	-8.6300	55.7700		1	7	0	7	0	9.9	0
77CN	0605	*	2014	1	14	12	55	-8.6000	55.7700		1	7	0	7	0	9.9	0
77CN	0606	*	2014	1	14	13	0	-8.5600	55.7600		1	7	0	7	0	9.9	0
77CN	0607	*	2014	1	14	13	5	-8.5300	55.7600		1	7	0	7	0	9.9	0
77CN	0608	*	2014	1	14	13	10	-8.5000	55.7500		1	7	0	7	0	9.9	0
77CN	0609	*	2014	1	14	13	15	-8.4600	55.7500		1	7	0	7	0	9.9	0
77CN	0610	*	2014	1	14	13	20	-8.4300	55.7500		1	7	0	7	0	9.9	0
77CN	0611	*	2014	1	14	13	25	-8.3900	55.7400		1	7	0	7	0	9.9	0
77CN	0612	*	2014	1	14	13	30	-8.3600	55.7400		1	7	0	7	0	9.9	0
77CN	0613	*	2014	1	14	13	35	-8.3300	55.7300		1	7	0	7	0	9.9	0
77CN	0614	*	2014	1	14	13	40	-8.2900	55.7300		1	7	0	7	0	9.9	0
77CN	0615	*	2014	1	14	13	45	-8.2600	55.7300		1	7	0	7	0	9.9	0
77CN	0616	*	2014	1	14	13	50	-8.2300	55.7200		1	7	0	7	0	9.8	0
77CN	0617	*	2014	1	14	13	55	-8.1900	55.7200		1	7	0	7	0	9.9	0
77CN	0618	*	2014	1	14	14	0	-8.1600	55.7100		1	7	0	7	0	9.8	0
77CN	0619	*	2014	1	14	14	5	-8.1300	55.7100		1	7	0	7	0	9.8	0
77CN	0620	*	2014	1	14	14	10	-8.0900	55.7000		1	7	0	7	0	9.8	0
77CN	0621	*	2014	1	14	14	15	-8.0600	55.7000		1	7	0	7	0	9.8	0
77CN	0622	*	2014	1	14	14	20	-8.0200	55.7000		1	7	0	7	0	9.8	0
77CN	0623	*	2014	1	14	14	25	-7.9900	55.6900		1	7	0	7	0	9.8	0
77CN	0624	*	2014	1	14	14	30	-7.9600	55.6900		1	7	0	7	0	9.8	0
77CN	0625	*	2014	1	14	14	35	-7.9200	55.6800		1	7	0	7	0	9.8	0
77CN	0626	*	2014	1	14	14	40	-7.8900	55.6800		1	7	0	7	0	9.8	0
77CN	0627	*	2014	1	14	14	45	-7.8600	55.6700		1	7	0	7	0	9.8	0
77CN	0628	*	2014	1	14	14	50	-7.8200	55.6700		1	7	0	7	0	9.8	0
77CN	0629	*	2014	1	14	14	55	-7.7900	55.6700		1	7	0	7	0	9.8	0
77CN	0630	*	2014	1	14	15	0	-7.7600	55.6600		1	7	0	7	0	9.8	0
77CN	0631	*	2014	1	14	15	5	-7.7200	55.6600		1	7	0	7	0	9.6	0
77CN	0632	*	2014	1	14	15	10	-7.6900	55.6500		1	7	0	7	0	9.5	0
77CN	0633	*	2014	1	14	15	15	-7.6500	55.6500		1	7	0	7	0	9.5	0
77CN	0634	*	2014	1	14	15	20	-7.6200	55.6400		1	7	0	7	0	9.3	0
77CN	0635	*	2014	1	14	15	25	-7.5900	55.6400		1	7	0	7	0	9.2	0
77CN	0636	*	2014	1	14	15	30	-7.5500	55.6400		1	7	0	7	0	9.2	0
77CN	0637	*	2014	1	14	15	35	-7.5200	55.6300		1	7	0	7	0	9.0	0
AGS1	0638	*	2014	1	17	0	30	0.3500	53.6800		1	7	0	7	0	6.8	0
AGS1	0639	*	2014	1	17	0	35	0.3400	53.7000		1	7	0	7	0	6.8	0
AGS1	0640	*	2014	1	17	0	40	0.3300	53.7200		1	7	0	7	0	6.9	0
AGS1	0641	*	2014	1	17	0	45	0.3200	53.7400		1	7	0	7	0	7.1	0
AGS1	0642	*	2014	1	17	0	50	0.3100	53.7600		1	7	0	7	0	7.2	0
AGS1	0643	*	2014	1	17	0	55	0.3000	53.7800		1	7	0	7	0	7.2	0
AGS1	0644	*	2014	1	17	1	0	0.2800	53.8000		1	7	0	7	0	7.2	0
AGS1	0645	*	2014	1	17	1	5	0.2700	53.8300		1	7	0	7	0	7.2	0
AGS1	0646	*	2014	1	17	1	10	0.2600	53.8500		1	7	0	7	0	7.2	0
AGS1	0647	*	2014	1	17	1	15	0.2500	53.8700		1	7	0	7	0	7.2	0
AGS1	0648	*	2014	1	17	1	20	0.2400	53.8900		1	7	0	7	0	7.2	0
AGS1	0649	*	2014	1	17	1	25	0.2300	53.9100		1	7	0	7	0	7.1	0
AGS1	0650	*	2014	1	17	1	30	0.2200	53.9300		1	7	0	7	0	7.0	0
AGS1	0651	*	2014	1	17	1	35	0.2100	53.9500		1	7	0	7	0	6.9	0
AGS1	0652	*	2014	1	17	1	40	0.2000	53.9700		1	7	0	7	0	6.9	0
AGS1	0653	*	2014	1	17	1	45	0.1800	53.9900		1	7	0	7	0	6.8	0
AGS1	0654	*	2014	1	17	1	50	0.1700	54.0100		1	7	0	7	0	6.8	0
AGS1	0655	*	2014	1	17	1	55	0.1600	54.0300		1	7	0	7	0	6.8	0
AGS1	0656	*	2014	1	17	2	0	0.1500	54.0600		1	7	0	7	0	6.9	0
AGS1	0657	*	2014	1	17	2	5	0.1400	54.0800		1	7	0	7	0	6.9	0
AGS1	0658	*	2014	1	17	2	10	0.1300	54.1000		1	7	0	7	0	7.0	0
AGS1	0659	*	2014	1	17	2	15	0.1200	54.1200		1	7	0	7	0	7.0	0
AGS1	0660	*	2014	1	17	2	20	0.1100	54.1400		1	7	0	7	0	7.1	0
AGS1	0661	*	2014	1	17	2	25	0.0900	54.1600		1	7	0	7	0	7.2	0
AGS1	0662	*	2014	1	17	2	30	0.0800	54.1800		1	7	0	7	0	7.4	0
AGS1	0663	*	2014	1	17	2	35	0.0700	54.2000		1	7	0	7	0	7.4	0
AGS1	0664	*	2014	1	17	2	40	0.0600	54.2200		1	7	0	7	0	7.5	0
AGS1	0665	*	2014	1	17	2	45	0.0500	54.2400		1	7	0	7	0	7.5	0
AGS1	0666	*	2014	1	17	2	50	0.0400	54.2600		1	7	0	7	0	7.6	0
AGS1	0667	*	2014	1	17	2	55	0.0300	54.2900		1	7	0	7	0	7.6	0
AGS1	0668	*	2014	1	17	3	0	0.0200	54.3100		1	7	0	7	0	7.5	0
AGS1	0669	*	2014	1	17	3	5	0.0000	54.3300		1	7	0	7	0	7.6	0
AGS1	0670	*	2014	1	17	3	10	-0.0100	54.3500		1	7	0	7	0	7.6	0
AGS1	0671	*	2014	1	17	3	15	-0.0200	54.3700		1	7	0	7	0	7.6	0
AGS1	0672	*	2014	1	17	3	20	-0.0300	54.3900		1	7	0	7	0	7.6	0
AGS1	0673	*	2014	1	17	3	25	-0.0400	54.4100		1	7	0	7	0	7.6	0
AGS1	0674	*	2014	1	17	3	30	-0.0500	54.4300		1	7	0	7	0	7.6	0
AGS1	0675	*	2014	1	17	3	35	-0.0600	54.4500		1	7	0	7	0	7.6	0
AGS1	0676	*	2014	1	17	3	40	-0.0700	54.4700		1	7	0	7	0	7.6	0
AGS1	0677	*	2014	1	17	3	45	-0.0900	54.4900		1	7	0	7	0	7.6	0
AGS1	0678	*	2014	1	17	3	50	-0.1000	54.5200		1	7	0	7	0	7.6	0
AGS1	0679	*	2014	1	17	3	55	-0.1100	54.5400		1	7	0	7	0	7.6	0
AGS1	0680	*	2014	1	17	4	0	-0.1200	54.5600		1	7	0	7	0	7.6	0
AGS1	0681	*	2014	1	17	4	5	-0.1300	54.5800		1	7	0	7	0	7.7	0
AGS1	0682	*	2014	1	17	4	10	-0.1400	54.6000		1	7	0	7	0	7.7	0
AGS1	0683	*	2014	1	17	4	15	-0.1500	54.6200		1	7	0	7	0	7.7	0
AGS1	0684	*	2014	1	17	4	20	-0.1600	54.6400		1	7	0	7	0	7.7	0
AGS1	0685	*	2014	1	17	4	25	-0.1800	54.6600		1	7	0	7	0	7.7	0
AGS1	0686	*	2014	1	17	4	30	-0.1900	54.6800		1	7	0	7	0	7.7	0
AGS1	0687	*	2014	1	17	4	35	-0.2000	54.7000		1	7	0	7	0	7.7	0
AGS1	0688	*	2014	1	17	4	40	-0.2100	54.7300		1	7	0	7	0	7.7	0
AGS1	0689	*	2014	1	17	4	45	-0.2200	54.7500		1	7	0	7	0	7.7	0
AGS1	0690	*	2014	1	17	4	50	-0.2300	54.7700		1	7	0	7	0	7.7	0
AGS1	0691	*	2014	1	17	4	55	-0.2400	54.7900		1	7	0	7	0	7.7	0
AGS1	0692	*	2014	1	17	5	0	-0.2500	54.8100		1	7	0	7	0	7.7	0
AGS1	0693	*	2014	1	17	5	5	-0.2700	54.8300		1	7	0	7	0	7.7	0
AGS1	0694	*	2014	1	17	5	10	-0.2800	54.8500		1	7	0	7	0	7.7	0
AGS1	0695	*	2014	1	17	5	15	-0.2900	54.8700		1	7	0	7	0	7.7	0
AGS1	0696	*	2014	1	17	5	20	-0.3000	54.8900		1	7	0	7	0	7.7	0
AGS1	0697	*	2014	1	17	5	25	-0.3100	54.9100		1	7	0	7	0	7.7	0
AGS1	0698	*	2014	1	17	5	30	-0.3200	54.9300		1	7	0	7	0	7.7	0
AGS1	0699	*	2014	1	17	5	35	-0.3300	54.9600		1	7	0	7	0	7.7	0
AGS1	0700	*	2014	1	17	5	40	-0.3400	54.9800		1	7	0	7	0	7.6	0
AGS1	0701	*	2014	1	17	5	45	-0.3600	55.0000		1	7	0	7	0	7.7	0
AGS1	0702	*	2014	1	17	5	50	-0.3700	55.0200		1	7	0	7	0	7.7	0
AGS1	0703	*	2014	1	17	5	55	-0.3800	55.0400		1	7	0	7	0	7.6	0
AGS1	0704	*	2014	1	17	6	0	-0.3900	55.0600		1	7	0	7	0	7.7	0
AGS1	0705	*	2014	1	17	6	5	-0.4000	55.0800		1	7	0	7	0	7.6	0
AGS1	0706	*	2014	1	17	6	10	-0.4100	55.1000		1	7	0	7	0	7.7	0
AGS1	0707	*	2014	1	17	6	15	-0.4200	55.1200		1	7	0	7	0	7.7	0
AGS1	0708	*	2014	1	17	6	20	-0.4300	55.1400		1	7	0	7	0	7.6	0
AGS1	0709	*	2014	1	17	6	25	-0.4500	55.1600		1	7	0	7	0	7.6	0
AGS1	0710	*	2014	1	17	6	30	-0.4600	55.1900		1	7	0	7	0	7.6	0
AGS1	0711	*	2014	1	17	6	35	-0.4700	55.2100		1	7	0	7	0	7.6	0
AGS1	0712	*	2014	1	17	6	40	-0.4800	55.2300		1	7	0	7	0	7.6	0
AGS1	0713	*	2014	1	17	6	45	-0.4900	55.2500		1	7	0	7	0	7.7	0
AGS1	0714	*	2014	1	17	6	50	-0.5000	55.2700		1	7	0	7	0	7.7	0
AGS1	0715	*	2014	1	17	6	55	-0.5100	55.2900		1	7	0	7	0	7.7	0
AGS1	0716	*	2014	1	17	7	0	-0.5200	55.3100		1	7	0	7	0	7.7	0
AGS1	0717	*	2014	1	17	7	5	-0.5400	55.3300		1	7	0	7	0	7.7	0
AGS1	0718	*	2014	1	17	7	10	-0.5500	55.3500		1	7	0	7	0	7.7	0
AGS1	0719	*	2014	1	17	7	15	-0.5600	55.3700		1	7	0	7	0	7.7	0
AGS1	0720	*	2014	1	17	7	20	-0.5700	55.3900		1	7	0	7	0	7.7	0
AGS1	0721	*	2014	1	17	7	25	-0.5800	55.4200		1	7	0	7	0	7.7	0
AGS1	0722	*	2014	1	17	7	30	-0.5900	55.4400		1	7	0	7	0	7.7	0
AGS1	0723	*	2014	1	17	7	35	-0.6000	55.4600		1	7	0	7	0	7.8	0
AGS1	0724	*	2014	1	17	7	40	-0.6100	55.4800		1	7	0	7	0	7.7	0
AGS1	0725	*	2014	1	17	7	45	-0.6200	55.5000		1	7	0	7	0	7.7	0
AGS1	0726	*	2014	1	17	7	50	-0.6400	55.5200		1	7	0	7	0	7.7	0
AGS1	0727	*	2014	1	17	7	55	-0.6500	55.5400		1	7	0	7	0	7.6	0
AGS1	0728	*	2014	1	17	8	0	-0.6600	55.5600		1	7	0	7	0	7.7	0
AGS1	0729	*	2014	1	17	8	5	-0.6700	55.5800		1	7	0	7	0	7.7	0
AGS1	0730	*	2014	1	17	8	10	-0.6800	55.6000		1	7	0	7	0	7.7	0
AGS1	0731	*	2014	1	17	8	15	-0.6900	55.6200		1	7	0	7	0	7.6	0
AGS1	0732	*	2014	1	17	8	20	-0.7000	55.6500		1	7	0	7	0	7.7	0
AGS1	0733	*	2014	1	17	8	25	-0.7100	55.6700		1	7	0	7	0	7.7	0
AGS1	0734	*	2014	1	17	8	30	-0.7300	55.6900		1	7	0	7	0	7.7	0
AGS1	0735	*	2014	1	17	8	35	-0.7400	55.7100		1	7	0	7	0	7.7	0
AGS1	0736	*	2014	1	17	8	40	-0.7500	55.7300		1	7	0	7	0	7.7	0
AGS1	0737	*	2014	1	17	8	45	-0.7600	55.7500		1	7	0	7	0	7.7	0
AGS1	0738	*	2014	1	17	8	50	-0.7700	55.7700		1	7	0	7	0	7.8	0
AGS1	0739	*	2014	1	17	8	55	-0.7800	55.7900		1	7	0	7	0	7.9	0
AGS1	0740	*	2014	1	17	9	0	-0.7900	55.8100		1	7	0	7	0	7.9	0
AGS1	0741	*	2014	1	17	9	5	-0.8000	55.8300		1	7	0	7	0	8.1	0
AGS1	0742	*	2014	1	17	9	10	-0.8200	55.8500		1	7	0	7	0	8.0	0
AGS1	0743	*	2014	1	17	9	15	-0.8300	55.8800		1	7	0	7	0	7.8	0
AGS1	0744	*	2014	1	17	9	20	-0.8400	55.9000		1	7	0	7	0	7.7	0
AGS1	0745	*	2014	1	17	9	25	-0.8500	55.9200		1	7	0	7	0	7.7	0
AGS1	0746	*	2014	1	17	9	30	-0.8600	55.9400		1	7	0	7	0	7.8	0
AGS1	0747	*	2014	1	17	9	35	-0.8700	55.9600		1	7	0	7	0	7.8	0
AGS1	0748	*	2014	1	17	9	40	-0.8800	55.9800		1	7	0	7	0	7.7	0
AGS1	0749	*	2014	1	17	9	45	-0.8900	56.0000		1	7	0	7	0	7.7	0
AGS1	0750	*	2014	1	17	9	50	-0.9100	56.0200		1	7	0	7	0	7.7	0
AGS1	0751	*	2014	1	17	9	55	-0.9200	56.0400		1	7	0	7	0	7.6	0
AGS1	0752	*	2014	1	17	10	0	-0.9300	56.0600		1	7	0	7	0	7.6	0
AGS1	0753	*	2014	1	17	10	5	-0.9400	56.0800		1	7	0	7	0	7.6	0
AGS1	0754	*	2014	1	17	10	10	-0.9500	56.1100		1	7	0	7	0	7.6	0
AGS1	0755	*	2014	1	17	10	15	-0.9600	56.1300		1	7	0	7	0	7.6	0
AGS1	0756	*	2014	1	17	10	20	-0.9700	56.1500		1	7	0	7	0	7.6	0
AGS1	0757	*	2014	1	17	10	25	-0.9800	56.1700		1	7	0	7	0	7.6	0
AGS1	0758	*	2014	1	17	10	30	-1.0000	56.1900		1	7	0	7	0	7.6	0
AGS1	0759	*	2014	1	17	10	35	-1.0100	56.2100		1	7	0	7	0	7.5	0
AGS1	0760	*	2014	1	17	10	40	-1.0200	56.2300		1	7	0	7	0	7.5	0
AGS1	0761	*	2014	1	17	10	45	-1.0300	56.2500		1	7	0	7	0	7.4	0
AGS1	0762	*	2014	1	17	10	50	-1.0400	56.2700		1	7	0	7	0	7.3	0
AGS1	0763	*	2014	1	17	10	55	-1.0500	56.2900		1	7	0	7	0	7.3	0
AGS1	0764	*	2014	1	17	11	0	-1.0600	56.3100		1	7	0	7	0	7.3	0
AGS1	0765	*	2014	1	17	11	5	-1.0700	56.3400		1	7	0	7	0	7.4	0
AGS1	0766	*	2014	1	17	11	10	-1.0900	56.3600		1	7	0	7	0	7.4	0
AGS1	0767	*	2014	1	17	11	15	-1.1000	56.3800		1	7	0	7	0	7.4	0
AGS1	0768	*	2014	1	17	11	20	-1.1100	56.4000		1	7	0	7	0	7.4	0
AGS1	0769	*	2014	1	17	11	25	-1.1200	56.4200		1	7	0	7	0	7.5	0
AGS1	0770	*	2014	1	17	11	30	-1.1300	56.4400		1	7	0	7	0	7.5	0
AGS1	0771	*	2014	1	17	11	35	-1.1400	56.4600		1	7	0	7	0	7.5	0
AGS1	0772	*	2014	1	17	11	40	-1.1500	56.4800		1	7	0	7	0	7.6	0
AGS1	0773	*	2014	1	17	11	45	-1.1600	56.5000		1	7	0	7	0	7.7	0
AGS1	0774	*	2014	1	17	11	50	-1.1800	56.5200		1	7	0	7	0	7.7	0
AGS1	0775	*	2014	1	17	11	55	-1.1900	56.5500		1	7	0	7	0	7.8	0
AGS1	0776	*	2014	1	17	12	0	-1.2000	56.5700		1	7	0	7	0	7.8	0
AGS1	0777	*	2014	1	17	12	5	-1.2100	56.5900		1	7	0	7	0	7.8	0
AGS1	0778	*	2014	1	17	12	10	-1.2200	56.6100		1	7	0	7	0	7.8	0
AGS1	0779	*	2014	1	17	12	15	-1.2300	56.6300		1	7	0	7	0	7.7	0
AGS1	0780	*	2014	1	17	12	20	-1.2400	56.6500		1	7	0	7	0	7.7	0
AGS1	0781	*	2014	1	17	12	25	-1.2500	56.6700		1	7	0	7	0	7.7	0
AGS1	0782	*	2014	1	17	12	30	-1.2700	56.6900		1	7	0	7	0	7.7	0
AGS1	0783	*	2014	1	17	12	35	-1.2800	56.7100		1	7	0	7	0	7.7	0
AGS1	0784	*	2014	1	17	12	40	-1.2900	56.7300		1	7	0	7	0	7.8	0
AGS1	0785	*	2014	1	17	12	45	-1.3000	56.7500		1	7	0	7	0	7.8	0
AGS1	0786	*	2014	1	17	12	50	-1.3100	56.7800		1	7	0	7	0	7.8	0
AGS1	0787	*	2014	1	17	12	55	-1.3200	56.8000		1	7	0	7	0	7.8	0
AGS1	0788	*	2014	1	17	13	0	-1.3300	56.8200		1	7	0	7	0	7.9	0
AGS1	0789	*	2014	1	17	13	5	-1.3400	56.8400		1	7	0	7	0	7.9	0
AGS1	0790	*	2014	1	17	13	10	-1.3500	56.8600		1	7	0	7	0	7.9	0
AGS1	0791	*	2014	1	17	13	15	-1.3700	56.8800		1	7	0	7	0	7.9	0
AGS1	0792	*	2014	1	17	13	20	-1.3800	56.9000		1	7	0	7	0	7.8	0
AGS1	0793	*	2014	1	17	13	25	-1.3900	56.9200		1	7	0	7	0	7.8	0
AGS1	0794	*	2014	1	17	13	30	-1.4000	56.9400		1	7	0	7	0	7.8	0
AGS1	0795	*	2014	1	17	13	35	-1.4100	56.9600		1	7	0	7	0	7.8	0
AGS1	0796	*	2014	1	17	13	40	-1.4200	56.9800		1	7	0	7	0	7.8	0
AGS1	0797	*	2014	1	17	13	45	-1.4300	57.0100		1	7	0	7	0	7.7	0
AGS1	0798	*	2014	1	17	13	50	-1.4400	57.0300		1	7	0	7	0	7.7	0
AGS1	0799	*	2014	1	17	13	55	-1.4600	57.0500		1	7	0	7	0	7.7	0
AGS1	0800	*	2014	1	17	14	0	-1.4700	57.0700		1	7	0	7	0	7.8	0
AGS1	0801	*	2014	1	17	14	5	-1.4800	57.0900		1	7	0	7	0	7.5	0
AGS1	0802	*	2014	1	17	14	10	-1.4900	57.1100		1	7	0	7	0	7.3	0
AGS1	0803	*	2014	1	17	14	15	-1.5000	57.1300		1	7	0	7	0	7.3	0
AGS1	0804	*	2014	1	17	14	20	-1.5100	57.1500		1	7	0	7	0	7.3	0
AGS1	0805	*	2014	1	17	14	25	-1.5200	57.1700		1	7	0	7	0	7.2	0
AGS1	0806	*	2014	1	17	14	30	-1.5300	57.1900		1	7	0	7	0	7.3	0
AGS1	0807	*	2014	1	17	14	35	-1.5500	57.2100		1	7	0	7	0	7.2	0
AGS1	0808	*	2014	1	17	14	40	-1.5600	57.2400		1	7	0	7	0	7.1	0
AGS1	0809	*	2014	1	17	14	45	-1.5700	57.2600		1	7	0	7	0	7.1	0
AGS1	0810	*	2014	1	17	14	50	-1.5800	57.2800		1	7	0	7	0	7.1	0
AGS1	0811	*	2014	1	17	14	55	-1.5900	57.3000		1	7	0	7	0	7.2	0
AGS1	0812	*	2014	1	17	15	0	-1.6000	57.3200		1	7	0	7	0	7.2	0
AGS1	0813	*	2014	1	17	15	5	-1.6100	57.3400		1	7	0	7	0	7.2	0
AGS1	0814	*	2014	1	17	15	10	-1.6200	57.3600		1	7	0	7	0	7.2	0
AGS1	0815	*	2014	1	17	15	15	-1.6400	57.3800		1	7	0	7	0	7.2	0
AGS1	0816	*	2014	1	17	15	20	-1.6500	57.4000		1	7	0	7	0	7.1	0
AGS1	0817	*	2014	1	17	15	25	-1.6600	57.4200		1	7	0	7	0	7.1	0
AGS1	0818	*	2014	1	17	15	30	-1.6700	57.4400		1	7	0	7	0	7.1	0
AGS1	0819	*	2014	1	17	15	35	-1.6800	57.4700		1	7	0	7	0	7.1	0
AGS1	0820	*	2014	1	17	15	40	-1.6900	57.4900		1	7	0	7	0	7.0	0
AGS1	0821	*	2014	1	17	15	45	-1.7000	57.5100		1	7	0	7	0	7.1	0
AGS1	0822	*	2014	1	17	15	50	-1.7100	57.5300		1	7	0	7	0	7.1	0
AGS1	0823	*	2014	1	17	15	55	-1.7300	57.5500		1	7	0	7	0	7.1	0
AGS1	0824	*	2014	1	17	16	0	-1.7400	57.5700		1	7	0	7	0	7.1	0
AGS1	0825	*	2014	1	17	16	5	-1.7500	57.5900		1	7	0	7	0	7.1	0
AGS1	0826	*	2014	1	17	16	10	-1.7600	57.6100		1	7	0	7	0	7.1	0
AGS1	0827	*	2014	1	17	16	15	-1.7700	57.6300		1	7	0	7	0	7.2	0
AGS1	0828	*	2014	1	17	16	20	-1.7800	57.6500		1	7	0	7	0	7.2	0
AGS1	0829	*	2014	1	17	16	25	-1.7900	57.6700		1	7	0	7	0	7.3	0
AGS1	0830	*	2014	1	17	16	30	-1.8000	57.7000		1	7	0	7	0	7.2	0
AGS1	0831	*	2014	1	17	16	35	-1.8200	57.7200		1	7	0	7	0	7.3	0
AGS1	0832	*	2014	1	17	16	40	-1.8300	57.7400		1	7	0	7	0	7.2	0
AGS1	0833	*	2014	1	17	16	45	-1.8400	57.7600		1	7	0	7	0	7.3	0
AGS1	0834	*	2014	1	17	16	50	-1.8600	57.7700		1	7	0	7	0	7.4	0
AGS1	0835	*	2014	1	17	16	55	-1.8900	57.7900		1	7	0	7	0	7.3	0
AGS1	0836	*	2014	1	17	17	0	-1.9100	57.8100		1	7	0	7	0	6.7	0
AGS1	0837	*	2014	1	17	17	5	-1.9300	57.8300		1	7	0	7	0	6.7	0
AGS1	0838	*	2014	1	17	17	10	-1.9500	57.8400		1	7	0	7	0	6.7	0
AGS1	0839	*	2014	1	17	17	15	-1.9700	57.8600		1	7	0	7	0	6.7	0
AGS1	0840	*	2014	1	17	17	20	-2.0000	57.8800		1	7	0	7	0	6.8	0
AGS1	0841	*	2014	1	17	17	25	-2.0200	57.8900		1	7	0	7	0	7.2	0
AGS1	0842	*	2014	1	17	17	30	-2.0400	57.9100		1	7	0	7	0	7.4	0
AGS1	0843	*	2014	1	17	17	35	-2.0600	57.9300		1	7	0	7	0	7.6	0
AGS1	0844	*	2014	1	17	17	40	-2.0800	57.9500		1	7	0	7	0	7.9	0
AGS1	0845	*	2014	1	17	17	45	-2.1100	57.9600		1	7	0	7	0	7.9	0
AGS1	0846	*	2014	1	17	17	50	-2.1300	57.9800		1	7	0	7	0	7.9	0
AGS1	0847	*	2014	1	17	17	55	-2.1500	58.0000		1	7	0	7	0	7.9	0
AGS1	0848	*	2014	1	17	18	0	-2.1700	58.0200		1	7	0	7	0	7.9	0
AGS1	0849	*	2014	1	17	18	5	-2.1900	58.0300		1	7	0	7	0	7.9	0
AGS1	0850	*	2014	1	17	18	10	-2.2200	58.0500		1	7	0	7	0	7.9	0
AGS1	0851	*	2014	1	17	18	15	-2.2400	58.0700		1	7	0	7	0	8.0	0
AGS1	0852	*	2014	1	17	18	20	-2.2600	58.0800		1	7	0	7	0	8.0	0
AGS1	0853	*	2014	1	17	18	25	-2.2800	58.1000		1	7	0	7	0	8.0	0
AGS1	0854	*	2014	1	17	18	30	-2.3000	58.1200		1	7	0	7	0	8.0	0
AGS1	0855	*	2014	1	17	18	35	-2.3300	58.1400		1	7	0	7	0	8.0	0
AGS1	0856	*	2014	1	17	18	40	-2.3500	58.1500		1	7	0	7	0	8.0	0
AGS1	0857	*	2014	1	17	18	45	-2.3700	58.1700		1	7	0	7	0	8.0	0
AGS1	0858	*	2014	1	17	18	50	-2.3900	58.1900		1	7	0	7	0	8.0	0
AGS1	0859	*	2014	1	17	18	55	-2.4100	58.2100		1	7	0	7	0	8.0	0
AGS1	0860	*	2014	1	17	19	0	-2.4400	58.2200		1	7	0	7	0	8.1	0
AGS1	0861	*	2014	1	17	19	5	-2.4600	58.2400		1	7	0	7	0	8.1	0
AGS1	0862	*	2014	1	17	19	10	-2.4800	58.2600		1	7	0	7	0	8.0	0
AGS1	0863	*	2014	1	17	19	15	-2.5000	58.2700		1	7	0	7	0	8.1	0
AGS1	0864	*	2014	1	17	19	20	-2.5300	58.2900		1	7	0	7	0	8.1	0
AGS1	0865	*	2014	1	17	19	25	-2.5500	58.3100		1	7	0	7	0	8.1	0
AGS1	0866	*	2014	1	17	19	30	-2.5700	58.3300		1	7	0	7	0	8.1	0
AGS1	0867	*	2014	1	17	19	35	-2.5900	58.3400		1	7	0	7	0	8.1	0
AGS1	0868	*	2014	1	17	19	40	-2.6100	58.3600		1	7	0	7	0	8.1	0
AGS1	0869	*	2014	1	17	19	45	-2.6400	58.3800		1	7	0	7	0	8.1	0
AGS1	0870	*	2014	1	17	19	50	-2.6600	58.3900		1	7	0	7	0	8.2	0
AGS1	0871	*	2014	1	17	19	55	-2.6800	58.4100		1	7	0	7	0	8.2	0
AGS1	0872	*	2014	1	17	20	0	-2.7000	58.4300		1	7	0	7	0	8.2	0
AGS1	0873	*	2014	1	17	20	5	-2.7200	58.4500		1	7	0	7	0	8.2	0
AGS1	0874	*	2014	1	17	20	10	-2.7500	58.4600		1	7	0	7	0	8.2	0
AGS1	0875	*	2014	1	17	20	15	-2.7700	58.4800		1	7	0	7	0	8.2	0
AGS1	0876	*	2014	1	17	20	20	-2.7900	58.5000		1	7	0	7	0	8.2	0
AGS1	0877	*	2014	1	17	20	25	-2.8100	58.5200		1	7	0	7	0	8.2	0
AGS1	0878	*	2014	1	17	20	30	-2.8300	58.5300		1	7	0	7	0	8.2	0
AGS1	0879	*	2014	1	17	20	35	-2.8600	58.5500		1	7	0	7	0	8.2	0
AGS1	0880	*	2014	1	17	20	40	-2.8800	58.5700		1	7	0	7	0	8.2	0
AGS1	0881	*	2014	1	17	20	45	-2.9000	58.5800		1	7	0	7	0	8.2	0
AGS1	0882	*	2014	1	17	20	50	-2.9200	58.6000		1	7	0	7	0	8.2	0
AGS1	0883	*	2014	1	17	20	55	-2.9400	58.6200		1	7	0	7	0	8.2	0
AGS1	0884	*	2014	1	17	21	0	-2.9700	58.6400		1	7	0	7	0	8.2	0
AGS1	0885	*	2014	1	17	21	5	-2.9900	58.6500		1	7	0	7	0	8.2	0
AGS1	0886	*	2014	1	17	21	10	-3.0000	58.6600		1	7	0	7	0	8.2	0
AGS1	0887	*	2014	1	17	21	15	-3.0100	58.6700		1	7	0	7	0	8.2	0
AGS1	0888	*	2014	1	17	21	20	-3.0300	58.6800		1	7	0	7	0	8.2	0
AGS1	0889	*	2014	1	17	21	25	-3.0400	58.6800		1	7	0	7	0	8.2	0
AGS1	0890	*	2014	1	17	21	30	-3.0600	58.6900		1	7	0	7	0	8.2	0
AGS1	0891	*	2014	1	17	21	35	-3.0700	58.7000		1	7	0	7	0	8.2	0
AGS1	0892	*	2014	1	17	21	40	-3.0900	58.7100		1	7	0	7	0	8.1	0
AGS1	0893	*	2014	1	17	21	45	-3.1000	58.7200		1	7	0	7	0	8.2	0
AGS1	0894	*	2014	1	17	21	50	-3.1300	58.7200		1	7	0	7	0	8.2	0
AGS1	0895	*	2014	1	17	21	55	-3.1600	58.7300		1	7	0	7	0	8.2	0
AGS1	0896	*	2014	1	17	22	0	-3.1800	58.7400		1	7	0	7	0	8.2	0
AGS1	0897	*	2014	1	17	22	5	-3.2100	58.7400		1	7	0	7	0	8.4	0
AGS1	0898	*	2014	1	17	22	10	-3.2400	58.7500		1	7	0	7	0	8.4	0
AGS1	0899	*	2014	1	17	22	15	-3.2700	58.7600		1	7	0	7	0	8.5	0
AGS1	0900	*	2014	1	17	22	20	-3.2900	58.7600		1	7	0	7	0	8.5	0
AGS1	0901	*	2014	1	17	22	25	-3.3200	58.7700		1	7	0	7	0	8.5	0
AGS1	0902	*	2014	1	17	22	30	-3.3600	58.7800		1	7	0	7	0	8.5	0
AGS1	0903	*	2014	1	17	22	35	-3.3900	58.7900		1	7	0	7	0	8.5	0
AGS1	0904	*	2014	1	17	22	40	-3.4300	58.8000		1	7	0	7	0	8.6	0
AGS1	0905	*	2014	1	17	22	45	-3.4700	58.8100		1	7	0	7	0	8.5	0
AGS1	0906	*	2014	1	17	22	50	-3.5000	58.8200		1	7	0	7	0	8.5	0
AGS1	0907	*	2014	1	17	22	55	-3.5400	58.8300		1	7	0	7	0	8.5	0
AGS1	0908	*	2014	1	17	23	0	-3.5700	58.8400		1	7	0	7	0	8.6	0
AGS1	0909	*	2014	1	17	23	5	-3.6100	58.8400		1	7	0	7	0	8.7	0
AGS1	0910	*	2014	1	17	23	10	-3.6400	58.8500		1	7	0	7	0	8.7	0
AGS1	0911	*	2014	1	17	23	15	-3.6800	58.8600		1	7	0	7	0	8.7	0
AGS1	0912	*	2014	1	17	23	20	-3.7100	58.8700		1	7	0	7	0	8.7	0
AGS1	0913	*	2014	1	17	23	25	-3.7500	58.8800		1	7	0	7	0	8.8	0
AGS1	0914	*	2014	1	17	23	30	-3.7800	58.8900		1	7	0	7	0	8.7	0
AGS1	0915	*	2014	1	17	23	35	-3.8200	58.9000		1	7	0	7	0	8.6	0
AGS1	0916	*	2014	1	17	23	40	-3.8500	58.9100		1	7	0	7	0	8.6	0
AGS1	0917	*	2014	1	17	23	45	-3.8900	58.9200		1	7	0	7	0	8.6	0
AGS1	0918	*	2014	1	17	23	50	-3.9200	58.9300		1	7	0	7	0	8.6	0
AGS1	0919	*	2014	1	17	23	55	-3.9600	58.9400		1	7	0	7	0	8.6	0
AGS1	0920	*	2014	1	18	0	0	-4.0000	58.9500		1	7	0	7	0	8.6	0
AGS1	0921	*	2014	1	18	0	5	-4.0300	58.9600		1	7	0	7	0	8.6	0
AGS1	0922	*	2014	1	18	0	10	-4.0700	58.9700		1	7	0	7	0	8.6	0
AGS1	0923	*	2014	1	18	0	15	-4.1000	58.9800		1	7	0	7	0	8.6	0
AGS1	0924	*	2014	1	18	0	20	-4.1400	58.9900		1	7	0	7	0	8.6	0
AGS1	0925	*	2014	1	18	0	25	-4.1700	59.0000		1	7	0	7	0	8.6	0
AGS1	0926	*	2014	1	18	0	30	-4.2100	59.0100		1	7	0	7	0	8.6	0
AGS1	0927	*	2014	1	18	0	35	-4.2400	59.0200		1	7	0	7	0	8.6	0
AGS1	0928	*	2014	1	18	0	40	-4.2800	59.0200		1	7	0	7	0	8.6	0
AGS1	0929	*	2014	1	18	0	45	-4.3100	59.0300		1	7	0	7	0	8.6	0
AGS1	0930	*	2014	1	18	0	50	-4.3500	59.0400		1	7	0	7	0	8.7	0
AGS1	0931	*	2014	1	18	0	55	-4.3800	59.0500		1	7	0	7	0	8.6	0
AGS1	0932	*	2014	1	18	1	0	-4.4200	59.0600		1	7	0	7	0	8.7	0
AGS1	0933	*	2014	1	18	1	15	-4.5300	59.1700		1	7	0	7	0	8.8	0
AGS1	0934	*	2014	1	18	1	20	-4.5700	59.1900		1	7	0	7	0	8.9	0
AGS1	0935	*	2014	1	18	1	25	-4.6000	59.2000		1	7	0	7	0	8.9	0
AGS1	0936	*	2014	1	18	1	30	-4.6400	59.2100		1	7	0	7	0	8.9	0
AGS1	0937	*	2014	1	18	1	35	-4.6800	59.2200		1	7	0	7	0	8.9	0
AGS1	0938	*	2014	1	18	1	40	-4.7200	59.2300		1	7	0	7	0	9.0	0
AGS1	0939	*	2014	1	18	1	45	-4.7500	59.2400		1	7	0	7	0	9.1	0
AGS1	0940	*	2014	1	18	1	50	-4.7900	59.2500		1	7	0	7	0	9.1	0
AGS1	0941	*	2014	1	18	1	55	-4.8300	59.2600		1	7	0	7	0	9.1	0
AGS1	0942	*	2014	1	18	2	0	-4.8700	59.2700		1	7	0	7	0	9.1	0
AGS1	0943	*	2014	1	18	2	5	-4.9000	59.2800		1	7	0	7	0	9.1	0
AGS1	0944	*	2014	1	18	2	10	-4.9400	59.2900		1	7	0	7	0	9.2	0
AGS1	0945	*	2014	1	18	2	15	-4.9800	59.3000		1	7	0	7	0	9.2	0
AGS1	0946	*	2014	1	18	2	20	-5.0100	59.3100		1	7	0	7	0	9.2	0
AGS1	0947	*	2014	1	18	2	25	-5.0500	59.3200		1	7	0	7	0	9.2	0
AGS1	0948	*	2014	1	18	2	30	-5.0900	59.3300		1	7	0	7	0	9.3	0
AGS1	0949	*	2014	1	18	2	35	-5.1300	59.3400		1	7	0	7	0	9.2	0
AGS1	0950	*	2014	1	18	2	40	-5.1600	59.3500		1	7	0	7	0	9.2	0
AGS1	0951	*	2014	1	18	2	45	-5.2000	59.3600		1	7	0	7	0	9.2	0
AGS1	0952	*	2014	1	18	2	50	-5.2400	59.3700		1	7	0	7	0	9.2	0
AGS1	0953	*	2014	1	18	2	55	-5.2800	59.3800		1	7	0	7	0	9.2	0
AGS1	0954	*	2014	1	18	3	0	-5.3100	59.3900		1	7	0	7	0	9.2	0
AGS1	0955	*	2014	1	18	3	5	-5.3500	59.4000		1	7	0	7	0	9.1	0
AGS1	0956	*	2014	1	18	3	10	-5.3900	59.4100		1	7	0	7	0	9.1	0
AGS1	0957	*	2014	1	18	3	15	-5.4300	59.4200		1	7	0	7	0	9.1	0
AGS1	0958	*	2014	1	18	3	20	-5.4600	59.4300		1	7	0	7	0	9.1	0
AGS1	0959	*	2014	1	18	3	25	-5.5000	59.4400		1	7	0	7	0	9.2	0
AGS1	0960	*	2014	1	18	3	30	-5.5400	59.4500		1	7	0	7	0	9.2	0
AGS1	0961	*	2014	1	18	3	35	-5.5700	59.4600		1	7	0	7	0	9.2	0
AGS1	0962	*	2014	1	18	3	40	-5.6100	59.4700		1	7	0	7	0	9.3	0
AGS1	0963	*	2014	1	18	3	45	-5.6500	59.4800		1	7	0	7	0	9.3	0
AGS1	0964	*	2014	1	18	3	50	-5.6900	59.5000		1	7	0	7	0	9.3	0
AGS1	0965	*	2014	1	18	3	55	-5.7200	59.5100		1	7	0	7	0	9.4	0
AGS1	0966	*	2014	1	18	4	0	-5.7600	59.5200		1	7	0	7	0	9.4	0
AGS1	0967	*	2014	1	18	4	5	-5.8000	59.5300		1	7	0	7	0	9.4	0
AGS1	0968	*	2014	1	18	4	10	-5.8400	59.5400		1	7	0	7	0	9.5	0
AGS1	0969	*	2014	1	18	4	15	-5.8700	59.5500		1	7	0	7	0	9.5	0
AGS1	0970	*	2014	1	18	4	20	-5.9100	59.5600		1	7	0	7	0	9.5	0
AGS1	0971	*	2014	1	18	4	25	-5.9500	59.5700		1	7	0	7	0	9.5	0
AGS1	0972	*	2014	1	18	4	30	-5.9800	59.5800		1	7	0	7	0	9.5	0
AGS1	0973	*	2014	1	18	4	35	-6.0200	59.5900		1	7	0	7	0	9.5	0
AGS1	0974	*	2014	1	18	4	40	-6.0600	59.6000		1	7	0	7	0	9.5	0
AGS1	0975	*	2014	1	18	4	45	-6.1000	59.6100		1	7	0	7	0	9.8	0
AGS1	0976	*	2014	1	18	4	50	-6.1300	59.6200		1	7	0	7	0	9.8	0
AGS1	0977	*	2014	1	18	4	55	-6.1700	59.6300		1	7	0	7	0	9.9	0
AGS1	0978	*	2014	1	18	5	0	-6.2100	59.6400		1	7	0	7	0	9.9	0
AGS1	0979	*	2014	1	18	5	5	-6.2500	59.6500		1	7	0	7	0	9.9	0
AGS1	0980	*	2014	1	18	5	10	-6.2800	59.6600		1	7	0	7	0	9.9	0
AGS1	0981	*	2014	1	18	5	15	-6.3200	59.6700		1	7	0	7	0	9.9	0
AGS1	0982	*	2014	1	18	5	20	-6.3600	59.6800		1	7	0	7	0	9.9	0
AGS1	0983	*	2014	1	18	5	25	-6.3900	59.6900		1	7	0	7	0	9.9	0
AGS1	0984	*	2014	1	18	5	30	-6.4300	59.7000		1	7	0	7	0	10.0	0
AGS1	0985	*	2014	1	18	5	35	-6.4700	59.7100		1	7	0	7	0	10.0	0
AGS1	0986	*	2014	1	18	5	40	-6.5100	59.7200		1	7	0	7	0	9.8	0
AGS1	0987	*	2014	1	18	5	45	-6.5400	59.7300		1	7	0	7	0	9.8	0
AGS1	0988	*	2014	1	18	5	50	-6.5800	59.7400		1	7	0	7	0	9.6	0
AGS1	0989	*	2014	1	18	5	55	-6.6200	59.7500		1	7	0	7	0	9.7	0
AGS1	0990	*	2014	1	18	6	0	-6.6600	59.7600		1	7	0	7	0	9.6	0
AGS1	0991	*	2014	1	18	6	5	-6.6900	59.7700		1	7	0	7	0	9.4	0
AGS1	0992	*	2014	1	18	6	10	-6.7300	59.7800		1	7	0	7	0	9.5	0
AGS1	0993	*	2014	1	18	6	15	-6.7700	59.7900		1	7	0	7	0	9.5	0
AGS1	0994	*	2014	1	18	6	20	-6.8100	59.8100		1	7	0	7	0	9.6	0
AGS1	0995	*	2014	1	18	6	25	-6.8400	59.8200		1	7	0	7	0	9.7	0
AGS1	0996	*	2014	1	18	6	30	-6.8800	59.8300		1	7	0	7	0	9.6	0
AGS1	0997	*	2014	1	18	6	35	-6.9200	59.8400		1	7	0	7	0	9.5	0
AGS1	0998	*	2014	1	18	6	40	-6.9500	59.8500		1	7	0	7	0	9.5	0
AGS1	0999	*	2014	1	18	6	45	-6.9900	59.8600		1	7	0	7	0	9.5	0
AGS1	1000	*	2014	1	18	6	50	-7.0300	59.8700		1	7	0	7	0	9.4	0
AGS1	1001	*	2014	1	18	6	55	-7.0700	59.8800		1	7	0	7	0	9.4	0
AGS1	1002	*	2014	1	18	7	0	-7.1000	59.8900		1	7	0	7	0	9.4	0
AGS1	1003	*	2014	1	18	7	5	-7.1400	59.9000		1	7	0	7	0	9.4	0
AGS1	1004	*	2014	1	18	7	10	-7.1800	59.9100		1	7	0	7	0	9.4	0
AGS1	1005	*	2014	1	18	7	15	-7.2200	59.9200		1	7	0	7	0	9.4	0
AGS1	1006	*	2014	1	18	7	20	-7.2500	59.9300		1	7	0	7	0	9.4	0
AGS1	1007	*	2014	1	18	7	25	-7.2900	59.9400		1	7	0	7	0	9.4	0
AGS1	1008	*	2014	1	18	7	30	-7.3300	59.9500		1	7	0	7	0	9.5	0
AGS1	1009	*	2014	1	18	7	35	-7.3600	59.9600		1	7	0	7	0	9.5	0
AGS1	1010	*	2014	1	18	7	40	-7.4000	59.9700		1	7	0	7	0	9.2	0
AGS1	1011	*	2014	1	18	7	45	-7.4400	59.9800		1	7	0	7	0	9.2	0
AGS1	1012	*	2014	1	18	7	50	-7.4800	59.9900		1	7	0	7	0	9.3	0
AGS1	1013	*	2014	1	18	7	55	-7.5100	60.0000		1	7	0	7	0	9.3	0
AGS1	1014	*	2014	1	18	8	0	-7.5500	60.0100		1	7	0	7	0	9.4	0
AGS1	1015	*	2014	1	18	8	5	-7.5900	60.0200		1	7	0	7	0	9.4	0
AGS1	1016	*	2014	1	18	8	10	-7.6300	60.0300		1	7	0	7	0	9.3	0
AGS1	1017	*	2014	1	18	8	15	-7.6600	60.0400		1	7	0	7	0	9.3	0
AGS1	1018	*	2014	1	18	8	20	-7.7000	60.0500		1	7	0	7	0	9.3	0
AGS1	1019	*	2014	1	18	8	25	-7.7400	60.0600		1	7	0	7	0	9.3	0
AGS1	1020	*	2014	1	18	8	30	-7.7800	60.0700		1	7	0	7	0	9.4	0
AGS1	1021	*	2014	1	18	8	35	-7.8100	60.0800		1	7	0	7	0	9.4	0
AGS1	1022	*	2014	1	18	8	40	-7.8500	60.0900		1	7	0	7	0	9.4	0
AGS1	1023	*	2014	1	18	8	45	-7.8900	60.1000		1	7	0	7	0	9.3	0
AGS1	1024	*	2014	1	18	8	50	-7.9200	60.1200		1	7	0	7	0	9.3	0
AGS1	1025	*	2014	1	18	8	55	-7.9600	60.1300		1	7	0	7	0	9.2	0
AGS1	1026	*	2014	1	18	9	0	-8.0000	60.1400		1	7	0	7	0	9.3	0
AGS1	1027	*	2014	1	18	9	5	-8.0400	60.1500		1	7	0	7	0	9.3	0
AGS1	1028	*	2014	1	18	9	10	-8.0700	60.1600		1	7	0	7	0	9.3	0
AGS1	1029	*	2014	1	18	9	15	-8.1100	60.1700		1	7	0	7	0	9.3	0
AGS1	1030	*	2014	1	18	9	20	-8.1500	60.1800		1	7	0	7	0	9.1	0
AGS1	1031	*	2014	1	18	9	25	-8.1900	60.1900		1	7	0	7	0	9.3	0
AGS1	1032	*	2014	1	18	9	30	-8.2200	60.2000		1	7	0	7	0	9.3	0
AGS1	1033	*	2014	1	18	9	35	-8.2600	60.2100		1	7	0	7	0	9.3	0
AGS1	1034	*	2014	1	18	9	40	-8.3000	60.2200		1	7	0	7	0	9.3	0
AGS1	1035	*	2014	1	18	9	45	-8.3300	60.2300		1	7	0	7	0	9.3	0
AGS1	1036	*	2014	1	18	9	50	-8.3700	60.2400		1	7	0	7	0	9.2	0
AGS1	1037	*	2014	1	18	9	55	-8.4100	60.2500		1	7	0	7	0	9.1	0
AGS1	1038	*	2014	1	18	10	0	-8.4500	60.2600		1	7	0	7	0	9.2	0
AGS1	1039	*	2014	1	18	10	5	-8.4800	60.2700		1	7	0	7	0	9.2	0
AGS1	1040	*	2014	1	18	10	10	-8.5200	60.2800		1	7	0	7	0	9.2	0
AGS1	1041	*	2014	1	18	10	15	-8.5600	60.2900		1	7	0	7	0	9.2	0
AGS1	1042	*	2014	1	18	10	20	-8.6000	60.3000		1	7	0	7	0	9.1	0
AGS1	1043	*	2014	1	18	10	25	-8.6300	60.3100		1	7	0	7	0	9.1	0
AGS1	1044	*	2014	1	18	10	30	-8.6700	60.3200		1	7	0	7	0	9.2	0
AGS1	1045	*	2014	1	18	10	35	-8.7100	60.3300		1	7	0	7	0	9.1	0
AGS1	1046	*	2014	1	18	10	40	-8.7400	60.3400		1	7	0	7	0	9.1	0
AGS1	1047	*	2014	1	18	10	45	-8.7800	60.3500		1	7	0	7	0	9.1	0
AGS1	1048	*	2014	1	18	10	50	-8.8200	60.3600		1	7	0	7	0	9.1	0
AGS1	1049	*	2014	1	18	10	55	-8.8600	60.3700		1	7	0	7	0	9.0	0
AGS1	1050	*	2014	1	18	11	0	-8.8900	60.3800		1	7	0	7	0	9.0	0
AGS1	1051	*	2014	1	18	11	5	-8.9300	60.3900		1	7	0	7	0	9.1	0
AGS1	1052	*	2014	1	18	11	10	-8.9700	60.4000		1	7	0	7	0	9.1	0
AGS1	1053	*	2014	1	18	11	15	-9.0100	60.4100		1	7	0	7	0	9.1	0
AGS1	1054	*	2014	1	18	11	20	-9.0400	60.4200		1	7	0	7	0	9.1	0
AGS1	1055	*	2014	1	18	11	25	-9.0800	60.4400		1	7	0	7	0	9.1	0
AGS1	1056	*	2014	1	18	11	30	-9.1200	60.4500		1	7	0	7	0	9.1	0
AGS1	1057	*	2014	1	18	11	35	-9.1600	60.4600		1	7	0	7	0	9.0	0
AGS1	1058	*	2014	1	18	11	40	-9.1900	60.4700		1	7	0	7	0	8.9	0
AGS1	1059	*	2014	1	18	11	45	-9.2300	60.4800		1	7	0	7	0	8.8	0
AGS1	1060	*	2014	1	18	11	50	-9.2700	60.4900		1	7	0	7	0	9.0	0
AGS1	1061	*	2014	1	18	11	55	-9.3000	60.5000		1	7	0	7	0	8.8	0
AGS1	1062	*	2014	1	18	12	0	-9.3400	60.5100		1	7	0	7	0	8.8	0
AGS1	1063	*	2014	1	18	12	5	-9.3800	60.5200		1	7	0	7	0	8.9	0
AGS1	1064	*	2014	1	18	12	10	-9.4200	60.5300		1	7	0	7	0	8.9	0
AGS1	1065	*	2014	1	18	12	15	-9.4500	60.5400		1	7	0	7	0	8.9	0
AGS1	1066	*	2014	1	18	12	20	-9.4900	60.5500		1	7	0	7	0	8.9	0
AGS1	1067	*	2014	1	18	12	25	-9.5300	60.5600		1	7	0	7	0	8.9	0
AGS1	1068	*	2014	1	18	12	30	-9.5700	60.5700		1	7	0	7	0	8.9	0
AGS1	1069	*	2014	1	18	12	35	-9.6000	60.5800		1	7	0	7	0	8.9	0
AGS1	1070	*	2014	1	18	12	40	-9.6400	60.5900		1	7	0	7	0	8.9	0
AGS1	1071	*	2014	1	18	12	45	-9.6800	60.6000		1	7	0	7	0	8.9	0
AGS1	1072	*	2014	1	18	12	50	-9.7100	60.6100		1	7	0	7	0	8.9	0
AGS1	1073	*	2014	1	18	12	55	-9.7500	60.6200		1	7	0	7	0	8.9	0
AGS1	1074	*	2014	1	18	13	0	-9.7900	60.6300		1	7	0	7	0	8.9	0
AGS1	1075	*	2014	1	18	13	5	-9.8300	60.6400		1	7	0	7	0	8.9	0
AGS1	1076	*	2014	1	18	13	10	-9.8600	60.6500		1	7	0	7	0	9.0	0
AGS1	1077	*	2014	1	18	13	15	-9.9000	60.6600		1	7	0	7	0	8.9	0
AGS1	1078	*	2014	1	18	13	20	-9.9400	60.6700		1	7	0	7	0	8.9	0
AGS1	1079	*	2014	1	18	13	25	-9.9800	60.6800		1	7	0	7	0	8.9	0
AGS1	1080	*	2014	1	18	13	30	-10.0100	60.6900		1	7	0	7	0	8.9	0
AGS1	1081	*	2014	1	18	13	35	-10.0500	60.7000		1	7	0	7	0	8.9	0
AGS1	1082	*	2014	1	18	13	40	-10.0900	60.7100		1	7	0	7	0	8.9	0
AGS1	1083	*	2014	1	18	13	45	-10.1300	60.7200		1	7	0	7	0	9.0	0
AGS1	1084	*	2014	1	18	13	50	-10.1600	60.7300		1	7	0	7	0	9.0	0
AGS1	1085	*	2014	1	18	13	55	-10.2000	60.7500		1	7	0	7	0	9.0	0
AGS1	1086	*	2014	1	18	14	0	-10.2400	60.7600		1	7	0	7	0	9.0	0
AGS1	1087	*	2014	1	18	14	5	-10.2700	60.7700		1	7	0	7	0	9.1	0
AGS1	1088	*	2014	1	18	14	10	-10.3100	60.7800		1	7	0	7	0	9.1	0
AGS1	1089	*	2014	1	18	14	15	-10.3500	60.7900		1	7	0	7	0	8.8	0
AGS1	1090	*	2014	1	18	14	20	-10.3900	60.8000		1	7	0	7	0	9.0	0
AGS1	1091	*	2014	1	18	14	25	-10.4200	60.8100		1	7	0	7	0	9.0	0
AGS1	1092	*	2014	1	18	14	30	-10.4600	60.8200		1	7	0	7	0	9.1	0
AGS1	1093	*	2014	1	18	14	35	-10.5000	60.8300		1	7	0	7	0	9.1	0
AGS1	1094	*	2014	1	18	14	40	-10.5400	60.8400		1	7	0	7	0	9.1	0
AGS1	1095	*	2014	1	18	14	45	-10.5700	60.8500		1	7	0	7	0	9.1	0
AGS1	1096	*	2014	1	18	14	50	-10.6100	60.8600		1	7	0	7	0	9.1	0
AGS1	1097	*	2014	1	18	14	55	-10.6500	60.8700		1	7	0	7	0	9.2	0
AGS1	1098	*	2014	1	18	15	0	-10.6800	60.8800		1	7	0	7	0	9.2	0
AGS1	1099	*	2014	1	18	15	5	-10.7200	60.8900		1	7	0	7	0	9.2	0
AGS1	1100	*	2014	1	18	15	10	-10.7600	60.9000		1	7	0	7	0	9.0	0
AGS1	1101	*	2014	1	18	15	15	-10.8000	60.9100		1	7	0	7	0	9.2	0
AGS1	1102	*	2014	1	18	15	20	-10.8300	60.9200		1	7	0	7	0	9.3	0
AGS1	1103	*	2014	1	18	15	25	-10.8700	60.9300		1	7	0	7	0	9.2	0
AGS1	1104	*	2014	1	18	15	30	-10.9100	60.9400		1	7	0	7	0	9.2	0
AGS1	1105	*	2014	1	18	15	35	-10.9500	60.9500		1	7	0	7	0	9.0	0
AGS1	1106	*	2014	1	18	15	40	-10.9800	60.9600		1	7	0	7	0	9.0	0
AGS1	1107	*	2014	1	18	15	45	-11.0200	60.9700		1	7	0	7	0	9.0	0
AGS1	1108	*	2014	1	18	15	50	-11.0600	60.9800		1	7	0	7	0	9.3	0
AGS1	1109	*	2014	1	18	15	55	-11.0900	60.9900		1	7	0	7	0	9.2	0
AGS1	1110	*	2014	1	18	16	0	-11.1300	61.0000		1	7	0	7	0	9.0	0
AGS1	1111	*	2014	1	18	16	5	-11.1700	61.0100		1	7	0	7	0	9.0	0
AGS1	1112	*	2014	1	18	16	10	-11.2100	61.0200		1	7	0	7	0	9.0	0
AGS1	1113	*	2014	1	18	16	15	-11.2400	61.0300		1	7	0	7	0	9.0	0
AGS1	1114	*	2014	1	18	16	20	-11.2800	61.0400		1	7	0	7	0	9.1	0
AGS1	1115	*	2014	1	18	16	25	-11.3200	61.0600		1	7	0	7	0	9.0	0
AGS1	1116	*	2014	1	18	16	30	-11.3600	61.0700		1	7	0	7	0	9.1	0
AGS1	1117	*	2014	1	18	16	35	-11.3900	61.0800		1	7	0	7	0	9.0	0
AGS1	1118	*	2014	1	18	16	40	-11.4300	61.0900		1	7	0	7	0	9.1	0
AGS1	1119	*	2014	1	18	16	45	-11.4700	61.1000		1	7	0	7	0	9.1	0
AGS1	1120	*	2014	1	18	16	50	-11.5100	61.1100		1	7	0	7	0	9.0	0
AGS1	1121	*	2014	1	18	16	55	-11.5400	61.1200		1	7	0	7	0	9.1	0
AGS1	1122	*	2014	1	18	17	0	-11.5800	61.1300		1	7	0	7	0	9.1	0
AGS1	1123	*	2014	1	18	17	5	-11.6200	61.1400		1	7	0	7	0	9.1	0
AGS1	1124	*	2014	1	18	17	10	-11.6500	61.1500		1	7	0	7	0	9.1	0
AGS1	1125	*	2014	1	18	17	15	-11.6900	61.1600		1	7	0	7	0	9.1	0
AGS1	1126	*	2014	1	18	17	20	-11.7300	61.1700		1	7	0	7	0	9.1	0
AGS1	1127	*	2014	1	18	17	25	-11.7700	61.1800		1	7	0	7	0	9.1	0
AGS1	1128	*	2014	1	18	17	30	-11.8000	61.1900		1	7	0	7	0	9.1	0
AGS1	1129	*	2014	1	18	17	35	-11.8400	61.2000		1	7	0	7	0	9.1	0
AGS1	1130	*	2014	1	18	17	40	-11.8800	61.2100		1	7	0	7	0	9.2	0
AGS1	1131	*	2014	1	18	17	45	-11.9200	61.2200		1	7	0	7	0	9.1	0
AGS1	1132	*	2014	1	18	17	50	-11.9500	61.2300		1	7	0	7	0	9.1	0
AGS1	1133	*	2014	1	18	17	55	-11.9900	61.2400		1	7	0	7	0	9.1	0
AGS1	1134	*	2014	1	18	18	0	-12.0300	61.2500		1	7	0	7	0	9.2	0
AGS1	1135	*	2014	1	18	18	5	-12.0600	61.2600		1	7	0	7	0	9.2	0
AGS1	1136	*	2014	1	18	18	10	-12.1000	61.2700		1	7	0	7	0	9.2	0
AGS1	1137	*	2014	1	18	18	15	-12.1400	61.2800		1	7	0	7	0	9.2	0
AGS1	1138	*	2014	1	18	18	20	-12.1800	61.2900		1	7	0	7	0	9.1	0
AGS1	1139	*	2014	1	18	18	25	-12.2100	61.3000		1	7	0	7	0	9.1	0
AGS1	1140	*	2014	1	18	18	30	-12.2500	61.3100		1	7	0	7	0	9.1	0
AGS1	1141	*	2014	1	18	18	35	-12.2900	61.3200		1	7	0	7	0	9.2	0
AGS1	1142	*	2014	1	18	18	40	-12.3300	61.3300		1	7	0	7	0	9.1	0
AGS1	1143	*	2014	1	18	18	45	-12.3600	61.3400		1	7	0	7	0	9.1	0
AGS1	1144	*	2014	1	18	18	50	-12.4000	61.3500		1	7	0	7	0	9.0	0
AGS1	1145	*	2014	1	18	18	55	-12.4400	61.3700		1	7	0	7	0	9.0	0
AGS1	1146	*	2014	1	18	19	0	-12.4700	61.3800		1	7	0	7	0	8.9	0
AGS1	1147	*	2014	1	18	19	5	-12.5100	61.3900		1	7	0	7	0	8.9	0
AGS1	1148	*	2014	1	18	19	10	-12.5500	61.4000		1	7	0	7	0	8.9	0
AGS1	1149	*	2014	1	18	19	15	-12.5900	61.4100		1	7	0	7	0	8.9	0
AGS1	1150	*	2014	1	18	19	20	-12.6200	61.4200		1	7	0	7	0	9.0	0
AGS1	1151	*	2014	1	18	19	25	-12.6600	61.4300		1	7	0	7	0	9.0	0
AGS1	1152	*	2014	1	18	19	30	-12.7000	61.4400		1	7	0	7	0	9.0	0
AGS1	1153	*	2014	1	18	19	35	-12.7400	61.4500		1	7	0	7	0	9.0	0
AGS1	1154	*	2014	1	18	19	40	-12.7700	61.4600		1	7	0	7	0	8.9	0
AGS1	1155	*	2014	1	18	19	45	-12.8100	61.4700		1	7	0	7	0	9.0	0
AGS1	1156	*	2014	1	18	19	50	-12.8500	61.4800		1	7	0	7	0	8.9	0
AGS1	1157	*	2014	1	18	19	55	-12.8900	61.4900		1	7	0	7	0	8.9	0
AGS1	1158	*	2014	1	18	20	0	-12.9200	61.5000		1	7	0	7	0	8.9	0
AGS1	1159	*	2014	1	18	20	5	-12.9600	61.5100		1	7	0	7	0	9.0	0
AGS1	1160	*	2014	1	18	20	10	-13.0000	61.5200		1	7	0	7	0	9.0	0
AGS1	1161	*	2014	1	18	20	15	-13.0300	61.5300		1	7	0	7	0	9.0	0
AGS1	1162	*	2014	1	18	20	20	-13.0700	61.5400		1	7	0	7	0	8.9	0
AGS1	1163	*	2014	1	18	20	25	-13.1100	61.5500		1	7	0	7	0	8.9	0
AGS1	1164	*	2014	1	18	20	30	-13.1500	61.5600		1	7	0	7	0	8.9	0
AGS1	1165	*	2014	1	18	20	35	-13.1800	61.5700		1	7	0	7	0	8.9	0
AGS1	1166	*	2014	1	18	20	40	-13.2200	61.5800		1	7	0	7	0	8.9	0
AGS1	1167	*	2014	1	18	20	45	-13.2600	61.5900		1	7	0	7	0	8.9	0
AGS1	1168	*	2014	1	18	20	50	-13.3000	61.6000		1	7	0	7	0	8.9	0
AGS1	1169	*	2014	1	18	20	55	-13.3300	61.6100		1	7	0	7	0	8.9	0
AGS1	1170	*	2014	1	18	21	0	-13.3700	61.6200		1	7	0	7	0	8.9	0
AGS1	1171	*	2014	1	18	21	5	-13.4100	61.6300		1	7	0	7	0	8.9	0
AGS1	1172	*	2014	1	18	21	10	-13.4400	61.6400		1	7	0	7	0	8.8	0
AGS1	1173	*	2014	1	18	21	15	-13.4800	61.6500		1	7	0	7	0	8.8	0
AGS1	1174	*	2014	1	18	21	20	-13.5200	61.6600		1	7	0	7	0	8.7	0
AGS1	1175	*	2014	1	18	21	25	-13.5600	61.6800		1	7	0	7	0	8.9	0
AGS1	1176	*	2014	1	18	21	30	-13.5900	61.6900		1	7	0	7	0	8.8	0
AGS1	1177	*	2014	1	18	21	35	-13.6300	61.7000		1	7	0	7	0	8.8	0
AGS1	1178	*	2014	1	18	21	40	-13.6700	61.7100		1	7	0	7	0	8.4	0
AGS1	1179	*	2014	1	18	21	45	-13.7100	61.7200		1	7	0	7	0	8.4	0
AGS1	1180	*	2014	1	18	21	50	-13.7400	61.7300		1	7	0	7	0	8.4	0
AGS1	1181	*	2014	1	18	21	55	-13.7800	61.7400		1	7	0	7	0	8.6	0
AGS1	1182	*	2014	1	18	22	0	-13.8200	61.7500		1	7	0	7	0	8.5	0
AGS1	1183	*	2014	1	18	22	5	-13.8600	61.7600		1	7	0	7	0	8.5	0
AGS1	1184	*	2014	1	18	22	10	-13.8900	61.7700		1	7	0	7	0	8.6	0
AGS1	1185	*	2014	1	18	22	15	-13.9300	61.7800		1	7	0	7	0	8.5	0
AGS1	1186	*	2014	1	18	22	20	-13.9700	61.7900		1	7	0	7	0	8.5	0
AGS1	1187	*	2014	1	18	22	25	-14.0000	61.8000		1	7	0	7	0	8.5	0
AGS1	1188	*	2014	1	18	22	30	-14.0400	61.8100		1	7	0	7	0	8.6	0
AGS1	1189	*	2014	1	18	22	35	-14.0800	61.8200		1	7	0	7	0	8.6	0
AGS1	1190	*	2014	1	18	22	40	-14.1200	61.8300		1	7	0	7	0	8.6	0
AGS1	1191	*	2014	1	18	22	45	-14.1500	61.8400		1	7	0	7	0	8.7	0
AGS1	1192	*	2014	1	18	22	50	-14.1900	61.8500		1	7	0	7	0	8.5	0
AGS1	1193	*	2014	1	18	22	55	-14.2300	61.8600		1	7	0	7	0	8.4	0
AGS1	1194	*	2014	1	18	23	0	-14.2700	61.8700		1	7	0	7	0	8.4	0
AGS1	1195	*	2014	1	18	23	5	-14.3000	61.8800		1	7	0	7	0	8.4	0
AGS1	1196	*	2014	1	18	23	10	-14.3400	61.8900		1	7	0	7	0	8.4	0
AGS1	1197	*	2014	1	18	23	15	-14.3800	61.9000		1	7	0	7	0	8.5	0
AGS1	1198	*	2014	1	18	23	20	-14.4100	61.9100		1	7	0	7	0	8.5	0
AGS1	1199	*	2014	1	18	23	25	-14.4500	61.9200		1	7	0	7	0	8.5	0
AGS1	1200	*	2014	1	18	23	30	-14.4900	61.9300		1	7	0	7	0	8.5	0
AGS1	1201	*	2014	1	18	23	35	-14.5300	61.9400		1	7	0	7	0	8.4	0
AGS1	1202	*	2014	1	18	23	40	-14.5600	61.9500		1	7	0	7	0	8.4	0
AGS1	1203	*	2014	1	18	23	45	-14.6000	61.9600		1	7	0	7	0	8.4	0
AGS1	1204	*	2014	1	18	23	50	-14.6400	61.9700		1	7	0	7	0	8.5	0
AGS1	1205	*	2014	1	18	23	55	-14.6800	61.9800		1	7	0	7	0	8.5	0
AGS1	1206	*	2014	1	19	0	0	-14.7100	62.0000		1	7	0	7	0	8.4	0
AGS1	1207	*	2014	1	19	0	5	-14.7500	62.0100		1	7	0	7	0	8.4	0
AGS1	1208	*	2014	1	19	0	10	-14.7900	62.0200		1	7	0	7	0	8.4	0
AGS1	1209	*	2014	1	19	0	15	-14.8200	62.0300		1	7	0	7	0	8.4	0
AGS1	1210	*	2014	1	19	0	20	-14.8600	62.0400		1	7	0	7	0	8.4	0
AGS1	1211	*	2014	1	19	0	25	-14.9000	62.0500		1	7	0	7	0	8.4	0
AGS1	1212	*	2014	1	19	0	30	-14.9400	62.0600		1	7	0	7	0	8.5	0
AGS1	1213	*	2014	1	19	0	35	-14.9700	62.0700		1	7	0	7	0	8.5	0
AGS1	1214	*	2014	1	19	0	40	-15.0100	62.0800		1	7	0	7	0	8.5	0
AGS1	1215	*	2014	1	19	0	45	-15.0500	62.0900		1	7	0	7	0	8.4	0
AGS1	1216	*	2014	1	19	0	50	-15.0900	62.1000		1	7	0	7	0	8.4	0
AGS1	1217	*	2014	1	19	0	55	-15.1200	62.1100		1	7	0	7	0	8.5	0
AGS1	1218	*	2014	1	19	1	0	-15.1600	62.1200		1	7	0	7	0	8.5	0
AGS1	1219	*	2014	1	19	1	5	-15.2000	62.1300		1	7	0	7	0	8.5	0
AGS1	1220	*	2014	1	19	1	10	-15.2400	62.1400		1	7	0	7	0	8.4	0
AGS1	1221	*	2014	1	19	1	15	-15.2700	62.1500		1	7	0	7	0	8.5	0
AGS1	1222	*	2014	1	19	1	20	-15.3100	62.1600		1	7	0	7	0	8.6	0
AGS1	1223	*	2014	1	19	1	25	-15.3500	62.1700		1	7	0	7	0	8.5	0
AGS1	1224	*	2014	1	19	1	30	-15.3800	62.1800		1	7	0	7	0	8.6	0
AGS1	1225	*	2014	1	19	1	35	-15.4200	62.1900		1	7	0	7	0	8.6	0
AGS1	1226	*	2014	1	19	1	40	-15.4600	62.2000		1	7	0	7	0	8.4	0
AGS1	1227	*	2014	1	19	1	45	-15.5000	62.2100		1	7	0	7	0	8.6	0
AGS1	1228	*	2014	1	19	1	50	-15.5300	62.2200		1	7	0	7	0	8.6	0
AGS1	1229	*	2014	1	19	1	55	-15.5700	62.2300		1	7	0	7	0	8.6	0
AGS1	1230	*	2014	1	19	2	0	-15.6100	62.2400		1	7	0	7	0	8.6	0
AGS1	1231	*	2014	1	19	2	5	-15.6500	62.2500		1	7	0	7	0	8.6	0
AGS1	1232	*	2014	1	19	2	10	-15.6800	62.2600		1	7	0	7	0	8.6	0
AGS1	1233	*	2014	1	19	2	15	-15.7200	62.2700		1	7	0	7	0	8.5	0
AGS1	1234	*	2014	1	19	2	20	-15.7600	62.2800		1	7	0	7	0	8.5	0
AGS1	1235	*	2014	1	19	2	25	-15.7900	62.2900		1	7	0	7	0	8.4	0
AGS1	1236	*	2014	1	19	2	30	-15.8300	62.3100		1	7	0	7	0	8.5	0
AGS1	1237	*	2014	1	19	2	35	-15.8700	62.3200		1	7	0	7	0	8.5	0
AGS1	1238	*	2014	1	19	2	40	-15.9100	62.3300		1	7	0	7	0	8.5	0
AGS1	1239	*	2014	1	19	2	45	-15.9400	62.3400		1	7	0	7	0	8.4	0
AGS1	1240	*	2014	1	19	2	50	-15.9800	62.3500		1	7	0	7	0	8.4	0
AGS1	1241	*	2014	1	19	2	55	-16.0200	62.3600		1	7	0	7	0	8.4	0
AGS1	1242	*	2014	1	19	3	0	-16.0600	62.3700		1	7	0	7	0	8.4	0
AGS1	1243	*	2014	1	19	3	5	-16.0900	62.3800		1	7	0	7	0	8.4	0
AGS1	1244	*	2014	1	19	3	10	-16.1300	62.3900		1	7	0	7	0	8.4	0
AGS1	1245	*	2014	1	19	3	15	-16.1700	62.4000		1	7	0	7	0	8.4	0
AGS1	1246	*	2014	1	19	3	20	-16.2100	62.4100		1	7	0	7	0	8.4	0
AGS1	1247	*	2014	1	19	3	25	-16.2400	62.4200		1	7	0	7	0	8.4	0
AGS1	1248	*	2014	1	19	3	30	-16.2800	62.4300		1	7	0	7	0	8.4	0
AGS1	1249	*	2014	1	19	3	35	-16.3200	62.4400		1	7	0	7	0	8.4	0
AGS1	1250	*	2014	1	19	3	40	-16.3500	62.4500		1	7	0	7	0	8.4	0
AGS1	1251	*	2014	1	19	3	45	-16.3900	62.4600		1	7	0	7	0	8.4	0
AGS1	1252	*	2014	1	19	3	50	-16.4300	62.4700		1	7	0	7	0	8.4	0
AGS1	1253	*	2014	1	19	3	55	-16.4700	62.4800		1	7	0	7	0	8.3	0
AGS1	1254	*	2014	1	19	4	0	-16.5000	62.4900		1	7	0	7	0	8.3	0
AGS1	1255	*	2014	1	19	4	5	-16.5400	62.5000		1	7	0	7	0	8.3	0
AGS1	1256	*	2014	1	19	4	10	-16.5800	62.5100		1	7	0	7	0	8.3	0
AGS1	1257	*	2014	1	19	4	15	-16.6200	62.5200		1	7	0	7	0	8.3	0
AGS1	1258	*	2014	1	19	4	20	-16.6500	62.5300		1	7	0	7	0	8.3	0
AGS1	1259	*	2014	1	19	4	25	-16.6900	62.5400		1	7	0	7	0	8.3	0
AGS1	1260	*	2014	1	19	4	30	-16.7300	62.5500		1	7	0	7	0	8.3	0
AGS1	1261	*	2014	1	19	4	35	-16.7600	62.5600		1	7	0	7	0	8.3	0
AGS1	1262	*	2014	1	19	4	40	-16.8000	62.5700		1	7	0	7	0	8.3	0
AGS1	1263	*	2014	1	19	4	45	-16.8400	62.5800		1	7	0	7	0	8.4	0
AGS1	1264	*	2014	1	19	4	50	-16.8800	62.5900		1	7	0	7	0	8.4	0
AGS1	1265	*	2014	1	19	4	55	-16.9100	62.6000		1	7	0	7	0	8.5	0
AGS1	1266	*	2014	1	19	5	0	-16.9500	62.6200		1	7	0	7	0	8.4	0
AGS1	1267	*	2014	1	19	5	5	-16.9900	62.6300		1	7	0	7	0	8.4	0
AGS1	1268	*	2014	1	19	5	10	-17.0300	62.6400		1	7	0	7	0	8.5	0
AGS1	1269	*	2014	1	19	5	15	-17.0600	62.6500		1	7	0	7	0	8.5	0
AGS1	1270	*	2014	1	19	5	20	-17.1000	62.6600		1	7	0	7	0	8.4	0
AGS1	1271	*	2014	1	19	5	25	-17.1400	62.6700		1	7	0	7	0	8.5	0
AGS1	1272	*	2014	1	19	5	30	-17.1700	62.6800		1	7	0	7	0	8.5	0
AGS1	1273	*	2014	1	19	5	35	-17.2100	62.6900		1	7	0	7	0	8.4	0
AGS1	1274	*	2014	1	19	5	40	-17.2500	62.7000		1	7	0	7	0	8.3	0
AGS1	1275	*	2014	1	19	5	45	-17.2900	62.7100		1	7	0	7	0	8.3	0
AGS1	1276	*	2014	1	19	5	50	-17.3200	62.7200		1	7	0	7	0	8.3	0
AGS1	1277	*	2014	1	19	5	55	-17.3600	62.7300		1	7	0	7	0	8.3	0
AGS1	1278	*	2014	1	19	6	0	-17.4000	62.7400		1	7	0	7	0	8.3	0
AGS1	1279	*	2014	1	19	6	5	-17.4400	62.7500		1	7	0	7	0	8.3	0
AGS1	1280	*	2014	1	19	6	10	-17.4700	62.7600		1	7	0	7	0	8.3	0
AGS1	1281	*	2014	1	19	6	15	-17.5100	62.7700		1	7	0	7	0	8.3	0
AGS1	1282	*	2014	1	19	6	20	-17.5500	62.7800		1	7	0	7	0	8.2	0
AGS1	1283	*	2014	1	19	6	25	-17.5900	62.7900		1	7	0	7	0	8.2	0
AGS1	1284	*	2014	1	19	6	30	-17.6200	62.8000		1	7	0	7	0	8.2	0
AGS1	1285	*	2014	1	19	6	35	-17.6600	62.8100		1	7	0	7	0	8.2	0
AGS1	1286	*	2014	1	19	6	40	-17.7000	62.8200		1	7	0	7	0	8.3	0
AGS1	1287	*	2014	1	19	6	45	-17.7300	62.8300		1	7	0	7	0	8.3	0
AGS1	1288	*	2014	1	19	6	50	-17.7700	62.8400		1	7	0	7	0	8.3	0
AGS1	1289	*	2014	1	19	6	55	-17.8100	62.8500		1	7	0	7	0	8.2	0
AGS1	1290	*	2014	1	19	7	0	-17.8500	62.8600		1	7	0	7	0	8.3	0
AGS1	1291	*	2014	1	19	7	5	-17.8800	62.8700		1	7	0	7	0	8.3	0
AGS1	1292	*	2014	1	19	7	10	-17.9200	62.8800		1	7	0	7	0	8.3	0
AGS1	1293	*	2014	1	19	7	15	-17.9600	62.8900		1	7	0	7	0	8.3	0
AGS1	1294	*	2014	1	19	7	20	-18.0000	62.9000		1	7	0	7	0	8.3	0
AGS1	1295	*	2014	1	19	7	25	-18.0300	62.9100		1	7	0	7	0	8.3	0
AGS1	1296	*	2014	1	19	7	30	-18.0700	62.9300		1	7	0	7	0	8.3	0